測站編號,時間,陣風_風速,風速,風向,氣壓,氣溫,海面溫度,示性波高,平均週期,波向,波浪尖峰週期,流速,分層流速{深度:流速},流向,分層流向{深度:流向},流速(節),潮高
StationID,time,Wind_Gust_Speed,Wind_Speed,Wind_Direction,Air_Pressure,Air_Temperature,Sea_Temperature,Wave_Height_Significant,Wave_Mean_Period,Wave_Main_Direction,Wave_Peak_Period,Current_Speed,Current_Speed_Layer,Current_Direction,Current_Direction_Layer,Current_Speed_knot,Tide_Height
,UTC+8,m/s,m/s,degree,hPa,C,C,m,sec,degree,sec,m/s,m/s,degree,degree,knot,m
Vector_CWB_FB_46694A,"2011-08-01 00:00:00",3.5,2.6,214,1004.1,27.6,28.2,0.41,6.3,112,11.6,,,,,,
Vector_CWB_FB_46694A,"2011-08-01 01:00:00",3.2,2.7,218,1003.9,27.5,28.3,0.33,5.8,123,10.4,,,,,,
Vector_CWB_FB_46694A,"2011-08-01 02:00:00",4.8,3.6,248,1003.5,28.1,28.4,0.42,6.4,112,9.5,,,,,,
Vector_CWB_FB_46694A,"2011-08-01 03:00:00",4.5,3.5,193,1002.9,27.8,28.3,0.48,6.6,123,9.5,,,,,,
Vector_CWB_FB_46694A,"2011-08-01 04:00:00",,,,1002.8,26.9,28.2,0.45,6.5,78,9.5,,,,,,
Vector_CWB_FB_46694A,"2011-08-01 05:00:00",2,1.6,324,1002.9,26.9,28,0.45,6.3,123,9.5,,,,,,
Vector_CWB_FB_46694A,"2011-08-01 06:00:00",,,,1002.9,27.3,27.9,0.46,6.2,78,7.4,,,,,,
Vector_CWB_FB_46694A,"2011-08-01 07:00:00",1.9,1.3,195,1002.9,28.3,28.1,0.49,6.4,135,9.5,,,,,,
Vector_CWB_FB_46694A,"2011-08-01 08:00:00",,,,1003.3,29.7,28,0.38,5.8,135,9.5,,,,,,
Vector_CWB_FB_46694A,"2011-08-01 09:00:00",1.9,1.3,185,1003.8,28.8,28,0.48,6.3,135,13.1,,,,,,
Vector_CWB_FB_46694A,"2011-08-01 10:00:00",4,3,139,1003.8,29.2,28.2,0.47,6.5,123,8.7,,,,,,
Vector_CWB_FB_46694A,"2011-08-01 11:00:00",5.9,4.7,152,1004,28.3,28.2,0.62,7.9,90,13.1,,,,,,
Vector_CWB_FB_46694A,"2011-08-01 12:00:00",6.2,4.9,145,1003.8,28.6,28.1,0.46,6.7,112,9.5,,,,,,
Vector_CWB_FB_46694A,"2011-08-01 13:00:00",6.3,5.1,158,1003.5,28.7,28.4,0.7,7.7,135,15.1,,,,,,
Vector_CWB_FB_46694A,"2011-08-01 14:00:00",6.6,5.4,155,1003.3,28.9,28.5,0.64,7.1,146,13.1,,,,,,
Vector_CWB_FB_46694A,"2011-08-01 15:00:00",5.7,4.6,186,1003.2,29.1,28.5,0.56,7,146,10.4,,,,,,
Vector_CWB_FB_46694A,"2011-08-01 16:00:00",6,5,178,1002.8,29,28.7,0.41,6.2,146,13.1,,,,,,
Vector_CWB_FB_46694A,"2011-08-01 17:00:00",5.8,4.8,186,1002.6,29.1,28.5,0.56,7.2,146,10.4,,,,,,
Vector_CWB_FB_46694A,"2011-08-01 18:00:00",6,4.9,197,1002.9,28.9,28.7,0.59,7.4,123,11.6,,,,,,
Vector_CWB_FB_46694A,"2011-08-01 19:00:00",6.1,4.7,203,1003.1,29,28.4,0.55,7.4,135,10.4,,,,,,
Vector_CWB_FB_46694A,"2011-08-01 20:00:00",4.2,3.2,232,1003.9,28.1,28.2,0.47,6.6,135,11.6,,,,,,
Vector_CWB_FB_46694A,"2011-08-01 21:00:00",3.5,2.5,228,1004.6,28.1,28.2,0.54,6.4,101,11.6,,,,,,
Vector_CWB_FB_46694A,"2011-08-01 22:00:00",5.8,3.1,223,1005.1,28.2,28.1,0.62,6.6,78,10.4,,,,,,
Vector_CWB_FB_46694A,"2011-08-01 23:00:00",5.1,3.9,230,1004.9,27.9,27.7,0.75,7.5,78,13.1,,,,,,
Vector_CWB_FB_46694A,"2011-08-02 00:00:00",5.3,4.1,219,1004.9,27.8,27.5,0.71,7.3,78,13.1,,,,,,
Vector_CWB_FB_46694A,"2011-08-02 01:00:00",4.9,3.7,220,1004.5,27.7,27.5,0.83,8,78,11.6,,,,,,
Vector_CWB_FB_46694A,"2011-08-02 02:00:00",4.5,3.8,208,1004.4,27.5,27.4,0.6,7.1,101,11.6,,,,,,
Vector_CWB_FB_46694A,"2011-08-02 03:00:00",3.4,2.4,222,1004.4,27.6,27.5,0.65,7.2,135,13.1,,,,,,
Vector_CWB_FB_46694A,"2011-08-02 04:00:00",2.8,1.9,220,1004.5,26.6,27.5,0.56,7,135,11.6,,,,,,
Vector_CWB_FB_46694A,"2011-08-02 05:00:00",3.2,2,224,1004.3,26.4,27.5,0.68,7.3,123,11.6,,,,,,
Vector_CWB_FB_46694A,"2011-08-02 06:00:00",,,,1004.3,26.6,27.6,0.5,6.1,112,8,,,,,,
Vector_CWB_FB_46694A,"2011-08-02 07:00:00",,,,1003.5,28.4,27.7,0.44,6.1,101,8.7,,,,,,
Vector_CWB_FB_46694A,"2011-08-02 08:00:00",,,,1004.4,28.6,27.7,0.44,6.2,123,8.7,,,,,,
Vector_CWB_FB_46694A,"2011-08-02 09:00:00",1.5,1.1,39,1004.7,29.2,27.6,0.46,5.3,146,11.6,,,,,,
Vector_CWB_FB_46694A,"2011-08-02 10:00:00",,,,1004.8,30.2,28.6,0.53,5.6,101,13.1,,,,,,
Vector_CWB_FB_46694A,"2011-08-02 11:00:00",,,,1004.5,30.3,28,0.47,6.2,67,9.5,,,,,,
Vector_CWB_FB_46694A,"2011-08-02 12:00:00",1.8,1.1,135,1004.5,29.4,28.4,0.62,6.9,67,11.6,,,,,,
Vector_CWB_FB_46694A,"2011-08-02 13:00:00",3.4,2.6,113,1003.8,28.8,28.7,0.77,7.5,78,11.6,,,,,,
Vector_CWB_FB_46694A,"2011-08-02 14:00:00",3.7,2.9,140,1004.1,28.6,28.5,0.67,7.3,112,11.6,,,,,,
Vector_CWB_FB_46694A,"2011-08-02 15:00:00",3.6,2.7,134,1003.9,29.2,28.6,0.83,7.6,135,11.6,,,,,,
Vector_CWB_FB_46694A,"2011-08-02 16:00:00",3.3,2.6,149,1003.4,29.3,28.5,0.63,7.2,112,10.4,,,,,,
Vector_CWB_FB_46694A,"2011-08-02 17:00:00",3.5,2.7,170,1003.2,29.5,28.6,0.87,8,123,10.4,,,,,,
Vector_CWB_FB_46694A,"2011-08-02 18:00:00",3.3,2.7,182,1003.5,28.6,28.7,0.78,7.1,90,10.4,,,,,,
Vector_CWB_FB_46694A,"2011-08-02 19:00:00",2.8,2.2,216,1004.2,27.8,28.4,0.51,6.4,123,10.4,,,,,,
Vector_CWB_FB_46694A,"2011-08-02 20:00:00",2.8,2.2,237,1004.7,27.9,27.7,0.5,6.2,123,11.6,,,,,,
Vector_CWB_FB_46694A,"2011-08-02 21:00:00",2.8,2.2,235,1005,27.8,27.6,0.62,6.7,112,9.5,,,,,,
Vector_CWB_FB_46694A,"2011-08-02 22:00:00",2.8,2.3,233,1005.4,27.6,27.5,0.59,6.8,112,11.6,,,,,,
Vector_CWB_FB_46694A,"2011-08-02 23:00:00",3.2,2.2,219,1005.2,27.7,27.8,0.65,7.1,78,10.4,,,,,,
Vector_CWB_FB_46694A,"2011-08-03 00:00:00",3,2.3,214,1004.7,27.6,27.5,0.85,7.7,67,11.6,,,,,,
Vector_CWB_FB_46694A,"2011-08-03 01:00:00",2.9,2,231,1004.4,27.5,27,0.8,7.9,56,10.4,,,,,,
Vector_CWB_FB_46694A,"2011-08-03 02:00:00",,,,1004.3,26.9,26.6,0.64,7.3,78,11.6,,,,,,
Vector_CWB_FB_46694A,"2011-08-03 03:00:00",,,,1004.2,26.9,27,0.77,8.1,123,13.1,,,,,,
Vector_CWB_FB_46694A,"2011-08-03 04:00:00",,,,1004.2,26.2,27.2,0.65,7.1,123,9.5,,,,,,
Vector_CWB_FB_46694A,"2011-08-03 05:00:00",2.4,1.7,222,1004.3,26.1,27.1,0.61,7.1,90,11.6,,,,,,
Vector_CWB_FB_46694A,"2011-08-03 06:00:00",2.1,1.2,155,1004.5,26.2,27,0.63,7.2,101,13.1,,,,,,
Vector_CWB_FB_46694A,"2011-08-03 07:00:00",3.3,1.2,267,1004.5,28.1,26.9,0.67,7,78,11.6,,,,,,
Vector_CWB_FB_46694A,"2011-08-03 08:00:00",4.9,3.5,13,1004.3,28.3,27,0.65,6.8,112,13.1,,,,,,
Vector_CWB_FB_46694A,"2011-08-03 09:00:00",6.4,3.3,8,1004.5,28.5,26.9,0.71,6.6,101,13.1,,,,,,
Vector_CWB_FB_46694A,"2011-08-03 10:00:00",6,3.5,12,1004.5,28.3,27,1.03,7.5,78,13.1,,,,,,
Vector_CWB_FB_46694A,"2011-08-03 11:00:00",7.3,5.1,4,1003.7,28.8,27.2,0.97,7.2,56,15.1,,,,,,
Vector_CWB_FB_46694A,"2011-08-03 12:00:00",7.5,4.9,8,1003.2,28.6,27.2,0.94,7.9,45,13.1,,,,,,
Vector_CWB_FB_46694A,"2011-08-03 13:00:00",7.3,5.3,13,1002.2,28.4,26.3,0.93,7.6,45,15.1,,,,,,
Vector_CWB_FB_46694A,"2011-08-03 14:00:00",5.6,4.2,23,1001.8,28.3,27,1.03,8.7,56,15.1,,,,,,
Vector_CWB_FB_46694A,"2011-08-03 15:00:00",5.5,4.6,27,1000.9,28.6,28.1,0.87,8.2,78,13.1,,,,,,
Vector_CWB_FB_46694A,"2011-08-03 16:00:00",5.4,4.2,30,1000.4,29.3,27.8,0.7,7.3,112,15.1,,,,,,
Vector_CWB_FB_46694A,"2011-08-03 17:00:00",5.2,3.7,29,1000.6,28.7,28,1.22,9,101,15.1,,,,,,
Vector_CWB_FB_46694A,"2011-08-03 18:00:00",5.8,4,352,1001,28.4,27.6,1.27,9,90,15.1,,,,,,
Vector_CWB_FB_46694A,"2011-08-03 19:00:00",5.6,3.1,349,1001.5,28.3,27.7,0.84,7.4,90,15.1,,,,,,
Vector_CWB_FB_46694A,"2011-08-03 20:00:00",2.8,2,7,1002.2,28.1,27.7,0.81,7.8,112,13.1,,,,,,
Vector_CWB_FB_46694A,"2011-08-03 21:00:00",2.1,1.2,342,1002.2,28,27.6,0.99,7.7,112,15.1,,,,,,
Vector_CWB_FB_46694A,"2011-08-03 22:00:00",,,,1002,27.8,27.4,1.46,9.3,101,15.1,,,,,,
Vector_CWB_FB_46694A,"2011-08-03 23:00:00",3.4,2.1,333,1002.1,27.7,27.5,1.49,9.4,78,15.1,,,,,,
Vector_CWB_FB_46694A,"2011-08-04 00:00:00",3.6,2.6,325,1001.6,27.8,27.5,1.68,9.8,45,15.1,,,,,,
Vector_CWB_FB_46694A,"2011-08-04 01:00:00",3,1.8,344,1000.9,27.4,27.2,1.37,9.1,45,13.1,,,,,,
Vector_CWB_FB_46694A,"2011-08-04 02:00:00",3.7,2.7,351,1001,27.4,27,1.49,9.6,56,15.1,,,,,,
Vector_CWB_FB_46694A,"2011-08-04 03:00:00",5.5,3.3,323,1000.7,27.6,26.7,1.44,9,56,13.1,,,,,,
Vector_CWB_FB_46694A,"2011-08-04 04:00:00",6.6,3.8,313,1000.8,27.5,26.9,1.1,8.6,101,13.1,,,,,,
Vector_CWB_FB_46694A,"2011-08-04 05:00:00",7.1,3.2,310,1000.9,27.5,27.1,1.53,9.4,78,15.1,,,,,,
Vector_CWB_FB_46694A,"2011-08-04 06:00:00",8.4,4.4,282,1000.8,27.8,27.2,1.9,9.9,78,15.1,,,,,,
Vector_CWB_FB_46694A,"2011-08-04 07:00:00",8.5,3.8,310,1000.7,28.6,26.6,1.37,7.9,90,11.6,,,,,,
Vector_CWB_FB_46694A,"2011-08-04 08:00:00",9.7,4.7,333,1000.6,28.9,26.7,1.63,8.3,90,15.1,,,,,,
Vector_CWB_FB_46694A,"2011-08-04 09:00:00",10.2,6.4,357,1000.3,29.1,26.1,1.45,8.1,90,15.1,,,,,,
Vector_CWB_FB_46694A,"2011-08-04 10:00:00",12.9,6.1,360,1000.3,29.2,26.3,1.28,7.8,90,11.6,,,,,,
Vector_CWB_FB_46694A,"2011-08-04 11:00:00",10.5,6.4,329,999.9,28.9,26,1.7,8.3,67,15.1,,,,,,
Vector_CWB_FB_46694A,"2011-08-04 12:00:00",12.6,5.9,327,999.6,29.1,26.2,1.62,7.8,45,15.1,,,,,,
Vector_CWB_FB_46694A,"2011-08-04 13:00:00",11.8,6.9,341,999,29.2,26,1.2,6.6,56,11.6,,,,,,
Vector_CWB_FB_46694A,"2011-08-04 14:00:00",11.7,6.3,326,998.4,29,25.4,1.47,8.2,45,15.1,,,,,,
Vector_CWB_FB_46694A,"2011-08-04 15:00:00",10.4,5.1,315,998.5,28.9,25,1.52,7.8,45,15.1,,,,,,
Vector_CWB_FB_46694A,"2011-08-04 16:00:00",8.4,4.5,315,998.3,28.9,25.9,1.51,7.9,258,15.1,,,,,,
Vector_CWB_FB_46694A,"2011-08-04 17:00:00",11.3,5.8,317,998.3,28.7,25.8,1.67,7.3,78,13.1,,,,,,
Vector_CWB_FB_46694A,"2011-08-04 18:00:00",11.2,5.7,333,998.6,28.6,25.9,2.13,8,67,15.1,,,,,,
Vector_CWB_FB_46694A,"2011-08-04 19:00:00",9.3,5.5,325,999.1,28.5,27,2.57,8.6,67,17.7,,,,,,
Vector_CWB_FB_46694A,"2011-08-04 20:00:00",9.1,4.2,298,999.5,28.7,26.9,2.21,7.4,45,17.7,,,,,,
Vector_CWB_FB_46694A,"2011-08-04 21:00:00",9.5,4.9,300,999.9,28.7,27.5,2.04,9,67,15.1,,,,,,
Vector_CWB_FB_46694A,"2011-08-04 22:00:00",11.3,5.7,327,999.9,28.9,27.4,2.52,9.7,112,17.7,,,,,,
Vector_CWB_FB_46694A,"2011-08-04 23:00:00",11.6,5.8,314,999,28.7,27.6,2.48,8.8,90,13.1,,,,,,
Vector_CWB_FB_46694A,"2011-08-05 00:00:00",14.3,6,337,998.3,28.6,27.5,2.73,9.2,78,15.1,,,,,,
Vector_CWB_FB_46694A,"2011-08-05 01:00:00",8.3,4.8,311,997.8,28.7,27.7,2.48,9.3,45,11.6,,,,,,
Vector_CWB_FB_46694A,"2011-08-05 02:00:00",9.1,4,316,997.3,28.6,27.7,3.01,10.1,45,17.7,,,,,,
Vector_CWB_FB_46694A,"2011-08-05 03:00:00",10.7,5.7,314,996.9,28.4,27.6,2.65,10.8,33,15.1,,,,,,
Vector_CWB_FB_46694A,"2011-08-05 04:00:00",12.2,5.9,324,996.9,28.3,27.6,3.18,10.6,67,13.1,,,,,,
Vector_CWB_FB_46694A,"2011-08-05 05:00:00",12.2,6.3,356,996.7,28.2,28,2.92,9.2,90,13.1,,,,,,
Vector_CWB_FB_46694A,"2011-08-05 06:00:00",15.6,5.3,352,997.3,28.3,27.9,3.12,9,78,17.7,,,,,,
Vector_CWB_FB_46694A,"2011-08-05 07:00:00",10.1,5.2,334,997.3,28.6,27.8,3.51,9.1,90,13.1,,,,,,
Vector_CWB_FB_46694A,"2011-08-05 08:00:00",13.1,6,328,997.2,28.6,27.9,3.3,8.4,90,13.1,,,,,,
Vector_CWB_FB_46694A,"2011-08-05 09:00:00",13.7,6.4,322,997.4,29,27.8,3.6,9.6,90,15.1,,,,,,
Vector_CWB_FB_46694A,"2011-08-05 10:00:00",16.5,7.5,315,997.2,28.9,27.6,3.56,9.3,90,15.1,,,,,,
Vector_CWB_FB_46694A,"2011-08-05 11:00:00",12.2,6.8,324,996.8,28.9,27.5,3.77,10,90,15.1,,,,,,
Vector_CWB_FB_46694A,"2011-08-05 12:00:00",18.5,6.7,329,996.5,28.9,27,3.47,9.1,67,15.1,,,,,,
Vector_CWB_FB_46694A,"2011-08-05 13:00:00",14.5,7.3,329,996.2,28.9,27.1,3.55,9.3,56,15.1,,,,,,
Vector_CWB_FB_46694A,"2011-08-05 14:00:00",15.5,7,339,995.8,28.8,27.2,3.15,9,67,17.7,,,,,,
Vector_CWB_FB_46694A,"2011-08-05 15:00:00",14.5,7.2,330,995.8,28.7,27.3,2.94,8.6,56,17.7,,,,,,
Vector_CWB_FB_46694A,"2011-08-05 16:00:00",12.1,6,338,995.2,28.8,27.3,2.87,9.2,67,11.6,,,,,,
Vector_CWB_FB_46694A,"2011-08-05 17:00:00",13.5,6.5,331,995.7,28.8,27.2,3.63,9.7,56,15.1,,,,,,
Vector_CWB_FB_46694A,"2011-08-05 18:00:00",13.2,4.4,302,995.8,28.2,27.3,3.41,8.7,90,15.1,,,,,,
Vector_CWB_FB_46694A,"2011-08-05 19:00:00",11.7,5.4,295,995.8,28.5,27.2,3.89,9,78,15.1,,,,,,
Vector_CWB_FB_46694A,"2011-08-05 20:00:00",9.9,5,267,995.9,28.7,27.3,4.05,9.1,78,15.1,,,,,,
Vector_CWB_FB_46694A,"2011-08-05 21:00:00",10.6,4.6,308,996.2,28.9,27.2,4.61,9.9,67,15.1,,,,,,
Vector_CWB_FB_46694A,"2011-08-05 22:00:00",9.7,3.6,298,995.8,28.7,27.1,4.98,10.7,67,15.1,,,,,,
Vector_CWB_FB_46694A,"2011-08-05 23:00:00",9.4,4.2,323,995.6,28.7,27.2,4.24,9.7,78,15.1,,,,,,
Vector_CWB_FB_46694A,"2011-08-06 00:00:00",14.9,4.2,335,995.1,28.6,27.2,3.88,10.1,90,13.1,,,,,,
Vector_CWB_FB_46694A,"2011-08-06 01:00:00",9.6,4,322,994.3,28.7,27.1,3.43,10,67,15.1,,,,,,
Vector_CWB_FB_46694A,"2011-08-06 02:00:00",13.9,5.4,297,993.7,28.6,27.1,3.69,10.1,56,15.1,,,,,,
Vector_CWB_FB_46694A,"2011-08-06 03:00:00",10.4,4.9,330,993.7,28.4,27.1,3.25,9.9,45,15.1,,,,,,
Vector_CWB_FB_46694A,"2011-08-06 04:00:00",11.2,4.6,329,993.6,28.4,27,3.23,9.8,56,15.1,,,,,,
Vector_CWB_FB_46694A,"2011-08-06 05:00:00",11.3,3.4,314,993.3,28.5,26.9,3.31,9.7,45,15.1,,,,,,
Vector_CWB_FB_46694A,"2011-08-06 06:00:00",7,2.4,240,993.7,29.3,26.9,3.76,9.6,78,15.1,,,,,,
Vector_CWB_FB_46694A,"2011-08-06 07:00:00",6,2.9,328,994.1,30.1,26.9,3.92,10.2,67,15.1,,,,,,
Vector_CWB_FB_46694A,"2011-08-06 08:00:00",9,3.6,282,995.1,30.1,26.9,3.72,9.2,67,15.1,,,,,,
Vector_CWB_FB_46694A,"2011-08-06 09:00:00",13.2,3.6,245,994.3,30.8,26.8,3.95,9.6,67,15.1,,,,,,
Vector_CWB_FB_46694A,"2011-08-06 10:00:00",11.7,3.8,287,994.2,31.2,27.1,3.98,10,56,15.1,,,,,,
Vector_CWB_FB_46694A,"2011-08-06 11:00:00",9.4,3.4,274,993.8,31.5,27.2,4.41,10.4,67,15.1,,,,,,
Vector_CWB_FB_46694A,"2011-08-06 12:00:00",9.1,3.4,268,993.9,31.9,27.3,2.88,9.2,56,13.1,,,,,,
Vector_CWB_FB_46694A,"2011-08-06 13:00:00",13.1,4,252,993.7,32.6,27.3,1.99,8.5,67,15.1,,,,,,
Vector_CWB_FB_46694A,"2011-08-06 14:00:00",11.9,5.5,256,993.3,32.4,27,2.77,9.7,56,15.1,,,,,,
Vector_CWB_FB_46694A,"2011-08-06 15:00:00",7.5,2.4,250,992.8,32.7,27.2,,,,,,,,,,
Vector_CWB_FB_46694A,"2011-08-06 16:00:00",7.8,1.9,203,992.7,33.3,28,,,,,,,,,,
Vector_CWB_FB_46694A,"2011-08-06 17:00:00",5.6,2.6,205,992.9,32.1,28.4,2.07,8.7,56,15.1,,,,,,
Vector_CWB_FB_46694A,"2011-08-06 18:00:00",8.1,3.6,245,993.9,32.1,28.1,2.36,7.9,78,13.1,,,,,,
Vector_CWB_FB_46694A,"2011-08-06 19:00:00",8.5,5.2,244,994.2,31.6,27.8,2.26,7.7,56,15.1,,,,,,
Vector_CWB_FB_46694A,"2011-08-06 20:00:00",11,6.4,236,994.4,31.5,27.9,2.35,8.7,56,13.1,,,,,,
Vector_CWB_FB_46694A,"2011-08-06 21:00:00",9,4,253,995.5,32.5,28,2.02,8.5,33,15.1,,,,,,
Vector_CWB_FB_46694A,"2011-08-06 22:00:00",5.1,1.7,229,996,32.4,28.1,1.95,8.3,45,13.1,,,,,,
Vector_CWB_FB_46694A,"2011-08-06 23:00:00",12.4,7.6,251,995.6,32.9,28,2.11,9.3,45,13.1,,,,,,
Vector_CWB_FB_46694A,"2011-08-07 00:00:00",14.8,9.2,252,995,33.2,27.9,2.36,9.3,45,11.6,,,,,,
Vector_CWB_FB_46694A,"2011-08-07 01:00:00",15.2,9.7,247,995.1,33.2,28,1.56,9.3,45,13.1,,,,,,
Vector_CWB_FB_46694A,"2011-08-07 02:00:00",12.1,9.3,269,995,32.1,28.3,1.01,8.2,67,15.1,,,,,,
Vector_CWB_FB_46694A,"2011-08-07 03:00:00",7.4,5.7,144,995.9,29.6,28.6,1.21,8.6,78,13.1,,,,,,
Vector_CWB_FB_46694A,"2011-08-07 04:00:00",4.9,3.4,214,996.9,28.7,28.7,1.12,8.4,67,11.6,,,,,,
Vector_CWB_FB_46694A,"2011-08-07 05:00:00",2.6,1.5,102,997.5,28.2,28.7,1.04,7.7,45,13.1,,,,,,
Vector_CWB_FB_46694A,"2011-08-07 06:00:00",3.6,2.5,29,998.3,28.7,28.7,1.06,7.2,67,9.5,,,,,,
Vector_CWB_FB_46694A,"2011-08-07 07:00:00",1.9,1.2,196,998.6,28.7,28.7,1.5,8.4,101,13.1,,,,,,
Vector_CWB_FB_46694A,"2011-08-07 08:00:00",1.8,1.1,119,999,30.4,29,1.13,7.3,78,13.1,,,,,,
Vector_CWB_FB_46694A,"2011-08-07 09:00:00",2.7,1.6,88,999.7,29.9,29.1,1.26,7.5,67,9.5,,,,,,
Vector_CWB_FB_46694A,"2011-08-07 10:00:00",2.9,2,133,999.9,30.8,29.4,0.93,7,67,13.1,,,,,,
Vector_CWB_FB_46694A,"2011-08-07 11:00:00",4.4,3.3,117,1000.2,30,29,1.09,7.3,67,13.1,,,,,,
Vector_CWB_FB_46694A,"2011-08-07 12:00:00",5,3.6,116,1000,29.6,29,1.18,7.6,78,11.6,,,,,,
Vector_CWB_FB_46694A,"2011-08-07 13:00:00",5.3,4.3,127,999.8,29.2,28.9,0.86,7.1,90,11.6,,,,,,
Vector_CWB_FB_46694A,"2011-08-07 14:00:00",3.9,2.7,146,999.3,30,29.2,0.95,7.2,78,11.6,,,,,,
Vector_CWB_FB_46694A,"2011-08-07 15:00:00",5.6,4.1,162,999.1,29.7,29.3,1.05,6.6,112,7.4,,,,,,
Vector_CWB_FB_46694A,"2011-08-07 16:00:00",4.5,3.5,141,999.8,29.3,28.6,0.93,6.4,56,11.6,,,,,,
Vector_CWB_FB_46694A,"2011-08-07 17:00:00",2.4,1.6,72,1000.3,29.2,28.7,0.88,6.4,45,11.6,,,,,,
Vector_CWB_FB_46694A,"2011-08-07 18:00:00",,,,1000.4,29,28.8,0.77,6.4,67,9.5,,,,,,
Vector_CWB_FB_46694A,"2011-08-07 19:00:00",,,,1001.1,28.8,28.7,0.92,6.7,67,11.6,,,,,,
Vector_CWB_FB_46694A,"2011-08-07 20:00:00",,,,1002.1,28.3,28.6,0.81,6.4,78,9.5,,,,,,
Vector_CWB_FB_46694A,"2011-08-07 21:00:00",2.1,1.3,210,1002.8,28.1,28.6,0.95,6.6,78,10.4,,,,,,
Vector_CWB_FB_46694A,"2011-08-07 22:00:00",3.3,2.3,213,1003.3,27.9,28.6,0.92,6.5,67,10.4,,,,,,
Vector_CWB_FB_46694A,"2011-08-07 23:00:00",2.8,1.7,231,1003.2,28.2,28.6,0.9,6,45,10.4,,,,,,
Vector_CWB_FB_46694A,"2011-08-08 00:00:00",2,1.2,200,1003,27.9,28.7,0.99,5.9,56,10.4,,,,,,
Vector_CWB_FB_46694A,"2011-08-08 01:00:00",,,,1002.9,28,28.7,0.81,5.5,45,9.5,,,,,,
Vector_CWB_FB_46694A,"2011-08-08 02:00:00",,,,1003,27.8,28.6,0.71,5.9,56,10.4,,,,,,
Vector_CWB_FB_46694A,"2011-08-08 03:00:00",1.6,1.2,348,1003,27.9,28.6,0.84,5.9,56,9.5,,,,,,
Vector_CWB_FB_46694A,"2011-08-08 04:00:00",1.6,1.1,232,1003.2,27.7,28.4,0.83,5.8,45,10.4,,,,,,
Vector_CWB_FB_46694A,"2011-08-08 05:00:00",,,,1003.6,28.5,28.2,0.8,5.5,112,6.5,,,,,,
Vector_CWB_FB_46694A,"2011-08-08 06:00:00",2.3,1.7,353,1004.4,28,28.2,0.85,6,135,7.4,,,,,,
Vector_CWB_FB_46694A,"2011-08-08 07:00:00",,,,1004.5,28.2,28.4,0.77,5.8,123,7.4,,,,,,
Vector_CWB_FB_46694A,"2011-08-08 08:00:00",4.6,2.8,207,1004.7,29.1,28.5,0.75,6.2,67,10.4,,,,,,
Vector_CWB_FB_46694A,"2011-08-08 09:00:00",8.3,6,184,1004.7,29.7,28.2,0.76,6.2,67,10.4,,,,,,
Vector_CWB_FB_46694A,"2011-08-08 10:00:00",10,7.6,160,1004.7,29.4,27.7,0.75,6.6,67,11.6,,,,,,
Vector_CWB_FB_46694A,"2011-08-08 11:00:00",7.1,5.8,183,1004.2,29.2,27.6,0.77,5.8,112,11.6,,,,,,
Vector_CWB_FB_46694A,"2011-08-08 12:00:00",7.6,6.5,185,1004.1,28.8,27.7,0.68,5.7,90,13.1,,,,,,
Vector_CWB_FB_46694A,"2011-08-08 13:00:00",7.8,6.4,189,1003.7,28.5,27.3,0.81,5.8,78,13.1,,,,,,
Vector_CWB_FB_46694A,"2011-08-08 14:00:00",8.1,6.8,188,1003.1,28.2,,0.79,5,135,6.5,,,,,,
Vector_CWB_FB_46694A,"2011-08-08 15:00:00",8,6.3,191,1003,28.2,,0.65,5,78,11.6,,,,,,
Vector_CWB_FB_46694A,"2011-08-08 16:00:00",9.2,6.8,198,1002.8,28.2,26.2,0.7,5,112,8.7,,,,,,
Vector_CWB_FB_46694A,"2011-08-08 17:00:00",7.8,6.1,193,1003.8,28.2,26.4,0.77,4.6,112,5.4,,,,,,
Vector_CWB_FB_46694A,"2011-08-08 18:00:00",6,3.8,215,1004.1,28.3,26.3,0.75,4.8,101,8,,,,,,
Vector_CWB_FB_46694A,"2011-08-08 19:00:00",3.8,3.2,216,1004.8,28.1,26.2,0.86,4.7,101,5.2,,,,,,
Vector_CWB_FB_46694A,"2011-08-08 20:00:00",2.2,1.3,233,1005.5,27.9,26.7,0.46,4.6,101,8.7,,,,,,
Vector_CWB_FB_46694A,"2011-08-08 21:00:00",2,1.4,220,1005.4,27.5,26.7,0.56,5.2,90,13.1,,,,,,
Vector_CWB_FB_46694A,"2011-08-08 22:00:00",2.3,1.6,239,1005.7,27.4,26.8,0.54,5.6,78,10.4,,,,,,
Vector_CWB_FB_46694A,"2011-08-08 23:00:00",3,1.8,232,1005.3,27.9,26.6,0.69,7,78,15.1,,,,,,
Vector_CWB_FB_46694A,"2011-08-09 00:00:00",5.2,3.9,213,1005,27.7,26.6,0.59,6.3,90,11.6,,,,,,
Vector_CWB_FB_46694A,"2011-08-09 01:00:00",3,2.5,230,1004.6,27.4,26.6,0.48,5.5,123,11.6,,,,,,
Vector_CWB_FB_46694A,"2011-08-09 02:00:00",2.7,2.2,223,1004.7,27.3,26.6,0.55,5.3,123,11.6,,,,,,
Vector_CWB_FB_46694A,"2011-08-09 03:00:00",,,,1005.1,27.4,26.6,0.67,6.4,90,13.1,,,,,,
Vector_CWB_FB_46694A,"2011-08-09 04:00:00",,,,1004.8,27.6,26.6,0.6,5.3,45,13.1,,,,,,
Vector_CWB_FB_46694A,"2011-08-09 05:00:00",3.5,1.8,242,1004.6,27.6,26.7,0.67,5.6,45,13.1,,,,,,
Vector_CWB_FB_46694A,"2011-08-09 06:00:00",2.6,1.5,220,1005.2,27.8,27.1,0.61,5,56,13.1,,,,,,
Vector_CWB_FB_46694A,"2011-08-09 07:00:00",1.8,1.1,153,1005.6,28.1,27.3,0.52,5.2,56,11.6,,,,,,
Vector_CWB_FB_46694A,"2011-08-09 08:00:00",2.5,1.3,149,1005.8,28.2,27.6,0.61,6.2,56,13.1,,,,,,
Vector_CWB_FB_46694A,"2011-08-09 09:00:00",4.7,3.6,161,1006.1,28.1,27.7,0.51,5.9,78,8,,,,,,
Vector_CWB_FB_46694A,"2011-08-09 10:00:00",7.1,5.2,161,1006.6,28.3,27.6,0.55,6.8,90,13.1,,,,,,
Vector_CWB_FB_46694A,"2011-08-09 11:00:00",9.3,7.5,161,1006.4,28.7,27.7,0.63,7.1,101,13.1,,,,,,
Vector_CWB_FB_46694A,"2011-08-09 12:00:00",7.1,6,158,1006.2,28.7,27.6,0.66,6.7,112,15.1,,,,,,
Vector_CWB_FB_46694A,"2011-08-09 13:00:00",6.5,5.3,183,1005.4,28.7,27.6,0.73,6.7,123,13.1,,,,,,
Vector_CWB_FB_46694A,"2011-08-09 14:00:00",7.7,5.3,193,1005,28.7,27.6,0.68,5.7,101,13.1,,,,,,
Vector_CWB_FB_46694A,"2011-08-09 15:00:00",8,6.5,189,1004.6,28.7,27.6,0.76,6.2,90,13.1,,,,,,
Vector_CWB_FB_46694A,"2011-08-09 16:00:00",6.9,5.6,189,1003.9,28.7,27.7,0.59,4.7,90,11.6,,,,,,
Vector_CWB_FB_46694A,"2011-08-09 17:00:00",4.7,3.7,178,1004,28.6,27.7,0.65,5,101,13.1,,,,,,
Vector_CWB_FB_46694A,"2011-08-09 18:00:00",3.1,2.6,175,1004.6,28.1,27.5,0.62,5,101,13.1,,,,,,
Vector_CWB_FB_46694A,"2011-08-09 19:00:00",3.2,2.2,187,1005.5,28.2,27.7,0.52,4.1,146,4.9,,,,,,
Vector_CWB_FB_46694A,"2011-08-09 20:00:00",2.4,1.6,205,1006.2,28.2,27.6,0.49,4.6,67,13.1,,,,,,
Vector_CWB_FB_46694A,"2011-08-09 21:00:00",4.3,3.5,195,1006.6,28.2,27.5,0.43,4.4,112,9.5,,,,,,
Vector_CWB_FB_46694A,"2011-08-09 22:00:00",5.2,3.7,208,1006.8,28,27.6,0.53,5.3,101,10.4,,,,,,
Vector_CWB_FB_46694A,"2011-08-09 23:00:00",3.2,2.5,226,1007,27.6,27.6,0.48,5.5,90,13.1,,,,,,
Vector_CWB_FB_46694A,"2011-08-10 00:00:00",4.7,3.9,214,1006.8,27.6,27.6,0.48,5.5,123,10.4,,,,,,
Vector_CWB_FB_46694A,"2011-08-10 01:00:00",4.9,4,217,1006.3,27.6,27.6,0.47,5.5,112,10.4,,,,,,
Vector_CWB_FB_46694A,"2011-08-10 02:00:00",7.6,6.4,194,1006.1,27.8,27.4,0.62,5.7,123,13.1,,,,,,
Vector_CWB_FB_46694A,"2011-08-10 03:00:00",4.4,3,217,1005.9,27.6,27.4,0.62,5.5,101,11.6,,,,,,
Vector_CWB_FB_46694A,"2011-08-10 04:00:00",2.5,1.7,269,1006.4,27.5,27.4,0.58,4.9,45,11.6,,,,,,
Vector_CWB_FB_46694A,"2011-08-10 05:00:00",2.1,1.6,206,1006.8,27,27.3,0.54,4.5,146,4.7,,,,,,
Vector_CWB_FB_46694A,"2011-08-10 06:00:00",3.2,2.4,216,1007.2,27.1,27.3,0.5,4.6,112,9.5,,,,,,
Vector_CWB_FB_46694A,"2011-08-10 07:00:00",2.1,1.5,208,1007.5,27.8,27.3,0.46,4.5,101,10.4,,,,,,
Vector_CWB_FB_46694A,"2011-08-10 08:00:00",4.6,3,182,1007.6,28.9,27.8,0.47,4.8,112,10.4,,,,,,
Vector_CWB_FB_46694A,"2011-08-10 09:00:00",5.9,4.6,159,1007.5,28.9,27.9,0.41,4.1,90,8,,,,,,
Vector_CWB_FB_46694A,"2011-08-10 10:00:00",6.8,5.5,182,1008,28.8,27.9,0.39,4.8,112,10.4,,,,,,
Vector_CWB_FB_46694A,"2011-08-10 11:00:00",7.4,5.5,171,1007.6,28.9,28,0.4,4.8,,6.9,,,,,,
Vector_CWB_FB_46694A,"2011-08-10 12:00:00",7.6,6.5,178,1007.3,28.9,28.2,0.47,5.7,101,13.1,,,,,,
Vector_CWB_FB_46694A,"2011-08-10 13:00:00",4.3,3.8,155,1006.4,29.8,27.9,0.44,5.2,101,6.5,,,,,,
Vector_CWB_FB_46694A,"2011-08-10 14:00:00",5.8,4.9,178,1005.8,29.4,28.1,0.59,6.7,90,11.6,,,,,,
Vector_CWB_FB_46694A,"2011-08-10 15:00:00",6.3,5.3,175,1005.9,28.9,28.1,0.51,6,123,9.5,,,,,,
Vector_CWB_FB_46694A,"2011-08-10 16:00:00",5.5,4.6,185,1006.1,28.7,28.2,0.44,5.5,90,13.1,,,,,,
Vector_CWB_FB_46694A,"2011-08-10 17:00:00",3.4,2.6,235,1005.8,28.8,28.3,0.47,5.5,135,9.5,,,,,,
Vector_CWB_FB_46694A,"2011-08-10 18:00:00",4,2.9,237,1006,28.7,28.3,0.44,5.1,112,8.7,,,,,,
Vector_CWB_FB_46694A,"2011-08-10 19:00:00",3.4,2.8,230,1006.7,28.3,28.4,0.46,4.6,101,5.8,,,,,,
Vector_CWB_FB_46694A,"2011-08-10 20:00:00",3.8,2.9,220,1007.7,28.2,28.3,0.47,4.5,123,4.9,,,,,,
Vector_CWB_FB_46694A,"2011-08-10 21:00:00",3.6,2.8,213,1008,27.8,28.4,0.44,4.3,123,8.7,,,,,,
Vector_CWB_FB_46694A,"2011-08-10 22:00:00",3.7,2.9,203,1008.3,27.7,28.4,0.38,4.4,101,5.8,,,,,,
Vector_CWB_FB_46694A,"2011-08-10 23:00:00",2.8,2.1,229,1008.3,28,28.4,0.43,5,101,11.6,,,,,,
Vector_CWB_FB_46694A,"2011-08-11 00:00:00",2.5,1.5,192,1008.5,27.3,28.3,0.32,4.5,112,6.9,,,,,,
Vector_CWB_FB_46694A,"2011-08-11 01:00:00",2.2,1.3,280,1008,27.3,28.3,0.38,5.3,112,10.4,,,,,,
Vector_CWB_FB_46694A,"2011-08-11 02:00:00",,,,1007.8,27.3,28.3,0.39,5,112,5.4,,,,,,
Vector_CWB_FB_46694A,"2011-08-11 03:00:00",,,,1007.8,27.4,28.2,0.46,5.6,101,9.5,,,,,,
Vector_CWB_FB_46694A,"2011-08-11 04:00:00",1.9,1.3,328,1007.4,27.4,28.4,0.45,5.2,112,10.4,,,,,,
Vector_CWB_FB_46694A,"2011-08-11 05:00:00",4.4,3.3,216,1007.3,26.8,28.4,0.37,4.9,315,11.6,,,,,,
Vector_CWB_FB_46694A,"2011-08-11 06:00:00",3.3,1.4,217,1007.9,26.9,28.4,0.36,4.7,112,9.5,,,,,,
Vector_CWB_FB_46694A,"2011-08-11 07:00:00",2.4,1.9,217,1008.1,27.9,28.4,0.32,5.1,270,6.5,,,,,,
Vector_CWB_FB_46694A,"2011-08-11 08:00:00",1.9,1.4,169,1007.9,29.3,28.4,0.31,4.8,90,6.9,,,,,,
Vector_CWB_FB_46694A,"2011-08-11 09:00:00",2.2,1.8,120,1008.1,29.8,29,0.27,4.8,101,6.9,,,,,,
Vector_CWB_FB_46694A,"2011-08-11 10:00:00",2.3,1.8,109,1008,29.6,29.2,0.29,4.9,78,5.2,,,,,,
Vector_CWB_FB_46694A,"2011-08-11 11:00:00",4.3,3.7,125,1007.8,29.5,29.3,0.32,4.7,112,8,,,,,,
Vector_CWB_FB_46694A,"2011-08-11 12:00:00",4.8,3.9,157,1007.4,29.6,29.2,0.38,5.4,135,7.4,,,,,,
Vector_CWB_FB_46694A,"2011-08-11 13:00:00",5.4,4.5,155,1006.9,29.1,29.1,0.36,5.2,146,11.6,,,,,,
Vector_CWB_FB_46694A,"2011-08-11 14:00:00",4.6,3.5,178,1006.9,29.3,29.1,0.4,5.6,123,9.5,,,,,,
Vector_CWB_FB_46694A,"2011-08-11 15:00:00",5.8,4.5,232,1006.2,29.3,28.6,0.46,5.9,112,9.5,,,,,,
Vector_CWB_FB_46694A,"2011-08-11 16:00:00",4.8,4,220,1006,29.4,29,0.44,5.4,123,8.7,,,,,,
Vector_CWB_FB_46694A,"2011-08-11 17:00:00",3.7,2.8,236,1005.9,29.6,28.8,0.39,5.5,123,6.5,,,,,,
Vector_CWB_FB_46694A,"2011-08-11 18:00:00",2.3,1.6,229,1006,29.5,28.6,0.37,5.2,101,10.4,,,,,,
Vector_CWB_FB_46694A,"2011-08-11 19:00:00",3.5,2.6,238,1006.8,28.4,28.7,0.32,4.8,123,8.7,,,,,,
Vector_CWB_FB_46694A,"2011-08-11 20:00:00",1.8,1.2,345,1007.3,28.4,28.4,0.44,5.6,123,8.7,,,,,,
Vector_CWB_FB_46694A,"2011-08-11 21:00:00",,,,1007.6,27.7,28.4,0.37,5.2,78,9.5,,,,,,
Vector_CWB_FB_46694A,"2011-08-11 22:00:00",2.6,1.9,197,1007.8,27.5,28.4,0.28,4.7,101,10.4,,,,,,
Vector_CWB_FB_46694A,"2011-08-11 23:00:00",,,,1007.6,27.9,28.7,0.33,5.6,112,11.6,,,,,,
Vector_CWB_FB_46694A,"2011-08-12 00:00:00",4.1,2.4,249,1007.1,27.9,28.6,0.26,5.5,123,10.4,,,,,,
Vector_CWB_FB_46694A,"2011-08-12 01:00:00",3.2,1.7,256,1006.5,26.8,28.5,0.26,5.4,146,10.4,,,,,,
Vector_CWB_FB_46694A,"2011-08-12 02:00:00",,,,1006.5,27.2,28.4,0.29,5.6,78,10.4,,,,,,
Vector_CWB_FB_46694A,"2011-08-12 03:00:00",2,1.2,206,1006.4,27.2,28.3,0.34,6,78,9.5,,,,,,
Vector_CWB_FB_46694A,"2011-08-12 04:00:00",2,1.6,321,1006.2,26.9,28.3,0.35,6,112,9.5,,,,,,
Vector_CWB_FB_46694A,"2011-08-12 05:00:00",2.3,1.5,193,1006.6,27.2,28.3,0.32,5.8,112,9.5,,,,,,
Vector_CWB_FB_46694A,"2011-08-12 06:00:00",,,,1007.2,27.3,28.4,0.33,6.5,146,11.6,,,,,,
Vector_CWB_FB_46694A,"2011-08-12 07:00:00",,,,1007.6,27.8,28.3,0.35,6.3,123,10.4,,,,,,
Vector_CWB_FB_46694A,"2011-08-12 08:00:00",2,1.4,106,1007.5,29.1,28.4,0.31,5.4,90,10.4,,,,,,
Vector_CWB_FB_46694A,"2011-08-12 09:00:00",3.5,2.5,97,1007.6,28.6,28.8,0.31,6.1,90,10.4,,,,,,
Vector_CWB_FB_46694A,"2011-08-12 10:00:00",2.8,2.2,117,1007.4,28.7,28.8,0.32,6.6,90,10.4,,,,,,
Vector_CWB_FB_46694A,"2011-08-12 11:00:00",3.9,2.8,121,1007.3,28.9,28.9,0.24,5.6,90,9.5,,,,,,
Vector_CWB_FB_46694A,"2011-08-12 12:00:00",3.9,3.1,150,1007,28.9,28.9,0.29,5.9,123,11.6,,,,,,
Vector_CWB_FB_46694A,"2011-08-12 13:00:00",3.9,2.4,169,1006.5,28.9,28.9,0.49,6.5,135,11.6,,,,,,
Vector_CWB_FB_46694A,"2011-08-12 14:00:00",2.6,1.8,176,1005.7,29.5,28.9,0.44,6.2,135,11.6,,,,,,
Vector_CWB_FB_46694A,"2011-08-12 15:00:00",3.3,2.4,184,1004.9,29.8,29.2,0.36,5.4,112,9.5,,,,,,
Vector_CWB_FB_46694A,"2011-08-12 16:00:00",6.7,5.5,187,1004.4,29,29.1,0.36,5.3,123,10.4,,,,,,
Vector_CWB_FB_46694A,"2011-08-12 17:00:00",5.9,4.6,213,1005.1,29.3,28.8,0.38,5.5,135,8,,,,,,
Vector_CWB_FB_46694A,"2011-08-12 18:00:00",3.2,2.2,218,1005.3,28.7,28.6,0.4,6.2,90,11.6,,,,,,
Vector_CWB_FB_46694A,"2011-08-12 19:00:00",2.2,1.1,225,1006.4,28.1,28.6,0.37,5.3,135,10.4,,,,,,
Vector_CWB_FB_46694A,"2011-08-12 20:00:00",4,3.3,227,1006.1,26.7,28.5,0.36,5,90,10.4,,,,,,
Vector_CWB_FB_46694A,"2011-08-12 21:00:00",3.9,3.2,221,1006.3,27.2,28.2,0.34,4.8,90,9.5,,,,,,
Vector_CWB_FB_46694A,"2011-08-12 22:00:00",3.8,3,197,1006.9,27.2,28.3,0.33,5.5,67,10.4,,,,,,
Vector_CWB_FB_46694A,"2011-08-12 23:00:00",4.6,3.7,199,1006.8,26.9,28.3,0.31,5.3,78,9.5,,,,,,
Vector_CWB_FB_46694A,"2011-08-13 00:00:00",4,3.4,203,1007,27.2,28.2,0.37,5.5,101,9.5,,,,,,
Vector_CWB_FB_46694A,"2011-08-13 01:00:00",5,3.5,234,1006.3,27.8,28.3,0.35,5.4,135,9.5,,,,,,
Vector_CWB_FB_46694A,"2011-08-13 02:00:00",3.6,2.4,196,1005.7,28.3,28.2,0.47,5.5,123,10.4,,,,,,
Vector_CWB_FB_46694A,"2011-08-13 03:00:00",2.3,1.6,195,1005.6,27.6,28.2,0.47,5.2,123,8.7,,,,,,
Vector_CWB_FB_46694A,"2011-08-13 04:00:00",3.1,2.3,219,1005.3,26.9,28.2,0.47,5,112,10.4,,,,,,
Vector_CWB_FB_46694A,"2011-08-13 05:00:00",1.8,1.1,92,1005.6,27.2,28.1,0.37,4.4,112,9.5,,,,,,
Vector_CWB_FB_46694A,"2011-08-13 06:00:00",2.4,1.8,221,1006.3,27.2,28.1,0.37,4.4,135,5.2,,,,,,
Vector_CWB_FB_46694A,"2011-08-13 07:00:00",2.4,1.9,223,1006.8,27,28.1,0.37,4.6,123,10.4,,,,,,
Vector_CWB_FB_46694A,"2011-08-13 08:00:00",2.3,1.8,225,1007.4,27.7,28.1,0.41,4.7,90,9.5,,,,,,
Vector_CWB_FB_46694A,"2011-08-13 09:00:00",,,,1007.1,29,28.3,0.43,5.3,101,8.7,,,,,,
Vector_CWB_FB_46694A,"2011-08-13 10:00:00",2.2,1.5,189,1007.1,29.2,28.4,0.37,6.1,101,9.5,,,,,,
Vector_CWB_FB_46694A,"2011-08-13 11:00:00",2.3,1.6,125,1006.9,29.6,28.4,0.4,6.2,90,9.5,,,,,,
Vector_CWB_FB_46694A,"2011-08-13 12:00:00",4.3,3.4,137,1007,29.1,28.8,0.3,4.8,112,8.7,,,,,,
Vector_CWB_FB_46694A,"2011-08-13 13:00:00",1.9,1.4,172,1006.5,29.1,28.8,0.26,4.4,135,9.5,,,,,,
Vector_CWB_FB_46694A,"2011-08-13 14:00:00",6.7,5,187,1006.3,29.6,28.7,0.31,4.1,135,8.7,,,,,,
Vector_CWB_FB_46694A,"2011-08-13 15:00:00",7,5.8,181,1006.1,29.4,28.5,0.29,4.8,135,9.5,,,,,,
Vector_CWB_FB_46694A,"2011-08-13 16:00:00",7,5.4,193,1006.1,29.2,28.2,0.31,5.4,146,9.5,,,,,,
Vector_CWB_FB_46694A,"2011-08-13 17:00:00",3.6,2.6,220,1006.4,29,28.4,0.29,4.5,123,8,,,,,,
Vector_CWB_FB_46694A,"2011-08-13 18:00:00",2.7,2.2,230,1006.7,28.6,28,0.29,4.4,135,4.9,,,,,,
Vector_CWB_FB_46694A,"2011-08-13 19:00:00",4,2.7,239,1007.2,28.7,27.8,0.42,4.5,123,8,,,,,,
Vector_CWB_FB_46694A,"2011-08-13 20:00:00",2.7,2.1,204,1007.7,28.3,27.8,0.4,4.3,67,6.9,,,,,,
Vector_CWB_FB_46694A,"2011-08-13 21:00:00",2,1.1,209,1008.6,28.7,27.8,0.39,4.3,112,5.4,,,,,,
Vector_CWB_FB_46694A,"2011-08-13 22:00:00",3.7,3,200,1009,27.6,27.8,0.43,4.4,135,5.2,,,,,,
Vector_CWB_FB_46694A,"2011-08-13 23:00:00",2.9,2.3,195,1009,27.2,27.3,0.33,4.8,135,5.8,,,,,,
Vector_CWB_FB_46694A,"2011-08-14 00:00:00",1.9,1.2,188,1008.8,27.6,27.8,0.33,4.8,123,6.1,,,,,,
Vector_CWB_FB_46694A,"2011-08-14 01:00:00",1.8,1.2,343,1008.3,27.1,27.4,0.37,4.9,112,5.8,,,,,,
Vector_CWB_FB_46694A,"2011-08-14 02:00:00",,,,1008,27.2,27.7,0.39,4.5,78,4.7,,,,,,
Vector_CWB_FB_46694A,"2011-08-14 03:00:00",,,,1007.6,26.9,27.7,0.39,4.7,135,10.4,,,,,,
Vector_CWB_FB_46694A,"2011-08-14 04:00:00",3.6,2.5,230,1008.1,26.5,27.6,0.47,4.7,101,5.2,,,,,,
Vector_CWB_FB_46694A,"2011-08-14 05:00:00",,,,1008.4,27.3,27.6,0.45,4.5,112,4.5,,,,,,
Vector_CWB_FB_46694A,"2011-08-14 06:00:00",2.7,1.7,192,1008.4,26.9,27.5,0.43,4.2,112,5.2,,,,,,
Vector_CWB_FB_46694A,"2011-08-14 07:00:00",,,,1009.1,27.6,27.6,0.44,4.2,123,5.2,,,,,,
Vector_CWB_FB_46694A,"2011-08-14 08:00:00",1.9,1.3,208,1009.5,27.6,27.7,0.36,3.8,123,10.4,,,,,,
Vector_CWB_FB_46694A,"2011-08-14 09:00:00",2.2,1.7,106,1009.4,28.4,27.8,0.34,3.7,101,2.6,,,,,,
Vector_CWB_FB_46694A,"2011-08-14 10:00:00",2.7,1.8,91,1009.4,28.9,28.1,0.35,4.5,112,5.8,,,,,,
Vector_CWB_FB_46694A,"2011-08-14 11:00:00",4.6,3.1,41,1009.2,29.1,28.3,0.31,4.3,101,5.8,,,,,,
Vector_CWB_FB_46694A,"2011-08-14 12:00:00",3.7,3.1,82,1009.3,28.9,27.6,0.37,4.8,101,7.4,,,,,,
Vector_CWB_FB_46694A,"2011-08-14 13:00:00",4.4,3.6,31,1009.5,29.1,27.7,0.32,4.6,135,6.1,,,,,,
Vector_CWB_FB_46694A,"2011-08-14 14:00:00",4.2,3.1,44,1009.3,29.5,28.1,0.4,5,146,6.9,,,,,,
Vector_CWB_FB_46694A,"2011-08-14 15:00:00",2.1,1.6,50,1008.8,29.1,28,0.35,4.8,135,6.1,,,,,,
Vector_CWB_FB_46694A,"2011-08-14 16:00:00",2.9,2.2,44,1008.4,29.4,28,0.33,4.7,168,6.1,,,,,,
Vector_CWB_FB_46694A,"2011-08-14 17:00:00",,,,1008.9,28.7,28,0.4,4.8,135,6.5,,,,,,
Vector_CWB_FB_46694A,"2011-08-14 18:00:00",2.1,1.4,259,1008.8,28.3,27.8,0.36,4.5,123,5.4,,,,,,
Vector_CWB_FB_46694A,"2011-08-14 19:00:00",3.4,2.7,222,1009.2,28.4,27.9,0.44,4.5,112,5.2,,,,,,
Vector_CWB_FB_46694A,"2011-08-14 20:00:00",3.5,2.8,217,1009.6,28.3,27.8,0.53,4.6,135,5.8,,,,,,
Vector_CWB_FB_46694A,"2011-08-14 21:00:00",3.5,2.7,228,1010.3,28.5,27.8,0.51,4.4,135,5.2,,,,,,
Vector_CWB_FB_46694A,"2011-08-14 22:00:00",5.5,4.1,226,1010.4,28.5,27.6,0.43,4.3,101,5.8,,,,,,
Vector_CWB_FB_46694A,"2011-08-14 23:00:00",2.5,1.6,247,1010.1,28.5,27.3,0.4,4.1,112,5.4,,,,,,
Vector_CWB_FB_46694A,"2011-08-15 00:00:00",1.6,1.2,212,1009.8,28.2,27.3,0.44,4.5,112,6.1,,,,,,
Vector_CWB_FB_46694A,"2011-08-15 01:00:00",2.6,2.1,200,1009.3,27.7,27.4,0.45,4.2,112,6.1,,,,,,
Vector_CWB_FB_46694A,"2011-08-15 02:00:00",3.3,2.5,217,1009.3,27.4,27.1,0.51,4.6,146,6.9,,,,,,
Vector_CWB_FB_46694A,"2011-08-15 03:00:00",2.4,1.9,218,1009,27.2,27.3,0.45,4.4,112,6.1,,,,,,
Vector_CWB_FB_46694A,"2011-08-15 04:00:00",2,1.4,208,1008.9,27.4,27.4,0.48,4.8,112,5.8,,,,,,
Vector_CWB_FB_46694A,"2011-08-15 05:00:00",2.5,1.9,219,1009.1,27.1,27.2,0.49,4.6,135,5.4,,,,,,
Vector_CWB_FB_46694A,"2011-08-15 06:00:00",,,,1009.3,26.9,27.3,0.58,4.6,146,5.8,,,,,,
Vector_CWB_FB_46694A,"2011-08-15 07:00:00",,,,1009.5,27.6,27.1,0.48,4.3,135,5.2,,,,,,
Vector_CWB_FB_46694A,"2011-08-15 08:00:00",,,,1009.5,29.4,27.2,0.42,4.2,101,4.9,,,,,,
Vector_CWB_FB_46694A,"2011-08-15 09:00:00",2.5,1.8,28,1010,28.8,27.4,0.44,4,101,4.5,,,,,,
Vector_CWB_FB_46694A,"2011-08-15 10:00:00",4,3.3,36,1010.7,27.9,27.4,0.38,4.1,112,5.4,,,,,,
Vector_CWB_FB_46694A,"2011-08-15 11:00:00",2.6,1.9,35,1010.8,28.2,27.5,0.33,4.1,101,4.5,,,,,,
Vector_CWB_FB_46694A,"2011-08-15 12:00:00",2.3,1.5,50,1010.5,28.6,27.4,0.31,4.4,123,5.8,,,,,,
Vector_CWB_FB_46694A,"2011-08-15 13:00:00",4,3.2,148,1010.1,28.2,27.7,0.26,4.1,135,5.8,,,,,,
Vector_CWB_FB_46694A,"2011-08-15 14:00:00",5.3,3.2,145,1009.5,28.2,27.6,0.23,4,135,5.8,,,,,,
Vector_CWB_FB_46694A,"2011-08-15 15:00:00",,,,1008.9,28,27.4,0.27,4.3,67,5.2,,,,,,
Vector_CWB_FB_46694A,"2011-08-15 16:00:00",7.7,6,213,1008.4,29.6,27.6,0.31,4.5,112,5.2,,,,,,
Vector_CWB_FB_46694A,"2011-08-15 17:00:00",5.8,3.8,205,1008.4,29.3,26.9,0.31,4.3,112,4.9,,,,,,
Vector_CWB_FB_46694A,"2011-08-15 18:00:00",3.3,2.5,197,1008.6,28.3,26.6,0.27,4.4,123,5.8,,,,,,
Vector_CWB_FB_46694A,"2011-08-15 19:00:00",2.7,2.3,239,1008.8,28.2,27.3,0.32,4.4,123,5.4,,,,,,
Vector_CWB_FB_46694A,"2011-08-15 20:00:00",4.1,2.8,252,1009.4,28.4,27,0.37,4.5,101,5.2,,,,,,
Vector_CWB_FB_46694A,"2011-08-15 21:00:00",3.1,2.4,216,1009.6,27.5,26.9,0.39,4.3,101,5.2,,,,,,
Vector_CWB_FB_46694A,"2011-08-15 22:00:00",3.4,2.6,212,1009.7,27.3,26.1,0.36,4.4,123,4.7,,,,,,
Vector_CWB_FB_46694A,"2011-08-15 23:00:00",3.9,3.1,196,1009.3,27.5,27.2,0.34,4.4,112,6.9,,,,,,
Vector_CWB_FB_46694A,"2011-08-16 00:00:00",3.6,3.2,190,1008.7,27.4,27.5,0.39,4.3,112,6.9,,,,,,
Vector_CWB_FB_46694A,"2011-08-16 01:00:00",2.8,1.6,172,1008.5,27.2,27.4,0.44,4.5,112,5.4,,,,,,
Vector_CWB_FB_46694A,"2011-08-16 02:00:00",3,1.8,212,1008.6,26.8,27.4,0.42,4.4,90,4.9,,,,,,
Vector_CWB_FB_46694A,"2011-08-16 03:00:00",2.9,2,175,1008.1,26.8,27.2,0.37,4.7,157,6.1,,,,,,
Vector_CWB_FB_46694A,"2011-08-16 04:00:00",,,,1008.1,26.9,27.3,0.52,4.9,101,5.8,,,,,,
Vector_CWB_FB_46694A,"2011-08-16 05:00:00",,,,1008.1,26.7,27.3,0.46,4.7,112,5.8,,,,,,
Vector_CWB_FB_46694A,"2011-08-16 06:00:00",4.4,2.4,57,1008.7,27.2,27.1,0.61,4.4,123,5.8,,,,,,
Vector_CWB_FB_46694A,"2011-08-16 07:00:00",2.4,1.5,249,1009.4,27.2,27.2,0.55,4.3,123,5.2,,,,,,
Vector_CWB_FB_46694A,"2011-08-16 08:00:00",,,,1009.7,27.7,27.2,0.45,4.2,101,4.9,,,,,,
Vector_CWB_FB_46694A,"2011-08-16 09:00:00",,,,1009.8,28.4,26.9,0.35,4.1,90,4.9,,,,,,
Vector_CWB_FB_46694A,"2011-08-16 10:00:00",,,,1009.7,28.9,27,0.33,3.9,112,6.1,,,,,,
Vector_CWB_FB_46694A,"2011-08-16 11:00:00",,,,1009.5,29.9,27.7,0.28,3.8,146,7.4,,,,,,
Vector_CWB_FB_46694A,"2011-08-16 12:00:00",,,,1009,30,27.4,0.27,4.5,123,6.9,,,,,,
Vector_CWB_FB_46694A,"2011-08-16 13:00:00",1.7,1.2,63,1008.5,28.9,27.5,0.26,5,101,7.4,,,,,,
Vector_CWB_FB_46694A,"2011-08-16 14:00:00",,,,1007.6,29.3,27.7,0.29,4.9,123,7.4,,,,,,
Vector_CWB_FB_46694A,"2011-08-16 15:00:00",7.9,6.2,187,1007.2,29.2,27.5,0.27,4.5,135,7.4,,,,,,
Vector_CWB_FB_46694A,"2011-08-16 16:00:00",7.3,6.3,189,1006.7,28.6,27.5,0.29,4.3,112,6.9,,,,,,
Vector_CWB_FB_46694A,"2011-08-16 17:00:00",6.3,4.8,203,1006.7,28.9,27.5,0.28,4.6,101,5.2,,,,,,
Vector_CWB_FB_46694A,"2011-08-16 18:00:00",3.9,3,232,1006.5,28.8,27.4,0.29,4.4,112,5.8,,,,,,
Vector_CWB_FB_46694A,"2011-08-16 19:00:00",4.3,2.8,242,1006.9,28.8,27.4,0.29,4.2,112,5.4,,,,,,
Vector_CWB_FB_46694A,"2011-08-16 20:00:00",1.9,1.4,108,1007.5,28,27.2,0.32,4.5,135,4.9,,,,,,
Vector_CWB_FB_46694A,"2011-08-16 21:00:00",,,,1008,27.5,26.8,0.35,4.4,123,4.5,,,,,,
Vector_CWB_FB_46694A,"2011-08-16 22:00:00",3.2,2.5,221,1008.3,27.4,27.1,0.38,4.1,123,4.9,,,,,,
Vector_CWB_FB_46694A,"2011-08-16 23:00:00",4.1,2.7,236,1008.3,27.7,27,0.4,4.1,146,4.9,,,,,,
Vector_CWB_FB_46694A,"2011-08-17 00:00:00",4.3,3.1,190,1008.1,27.2,26.7,0.43,4.3,112,4.7,,,,,,
Vector_CWB_FB_46694A,"2011-08-17 01:00:00",2.3,1.9,206,1008.3,27.1,26.8,0.43,4.4,135,5.4,,,,,,
Vector_CWB_FB_46694A,"2011-08-17 02:00:00",2.4,2.1,218,1008,27.1,27.1,0.39,4.2,135,5.8,,,,,,
Vector_CWB_FB_46694A,"2011-08-17 03:00:00",3,2.4,262,1008,27.1,27.8,0.41,4.6,146,6.1,,,,,,
Vector_CWB_FB_46694A,"2011-08-17 04:00:00",2.2,1.7,31,1008,28,27.9,0.5,4.6,135,6.1,,,,,,
Vector_CWB_FB_46694A,"2011-08-17 05:00:00",,,,1008.1,28.2,28,0.51,4.4,112,5.4,,,,,,
Vector_CWB_FB_46694A,"2011-08-17 06:00:00",2.6,1.9,227,1008.4,27.9,28,0.4,4,112,4.9,,,,,,
Vector_CWB_FB_46694A,"2011-08-17 07:00:00",2.1,1.1,212,1008,28.3,27.9,0.35,4.2,146,5.4,,,,,,
Vector_CWB_FB_46694A,"2011-08-17 08:00:00",2,1.7,122,1008.5,29.2,27.9,0.42,4.7,135,6.5,,,,,,
Vector_CWB_FB_46694A,"2011-08-17 09:00:00",2.8,2.5,107,1008.3,29.6,27.9,0.43,4.6,146,5.4,,,,,,
Vector_CWB_FB_46694A,"2011-08-17 10:00:00",3.5,2.8,107,1008.8,28.9,28,0.54,3.9,101,4.3,,,,,,
Vector_CWB_FB_46694A,"2011-08-17 11:00:00",3.5,2.6,153,1008.4,28.6,28.4,0.32,3.8,101,4.9,,,,,,
Vector_CWB_FB_46694A,"2011-08-17 12:00:00",4,2.7,160,1008.1,29,28.6,0.25,4.1,135,5.8,,,,,,
Vector_CWB_FB_46694A,"2011-08-17 13:00:00",1.7,1.1,157,1007.3,29.6,29.1,0.24,4.5,101,6.1,,,,,,
Vector_CWB_FB_46694A,"2011-08-17 14:00:00",5.9,4.8,188,1006.5,29.4,28.8,0.23,3.6,112,2.9,,,,,,
Vector_CWB_FB_46694A,"2011-08-17 15:00:00",7.4,6.5,187,1006.7,29.1,28.8,0.32,3.4,101,5.4,,,,,,
Vector_CWB_FB_46694A,"2011-08-17 16:00:00",7.3,6.2,187,1006.4,29,28.3,0.33,3.6,67,4.9,,,,,,
Vector_CWB_FB_46694A,"2011-08-17 17:00:00",6.8,5.6,194,1006.4,29.2,28.5,0.28,4.4,90,5.8,,,,,,
Vector_CWB_FB_46694A,"2011-08-17 18:00:00",6.1,5.2,232,1006.9,29.2,28,0.29,4.3,78,5.8,,,,,,
Vector_CWB_FB_46694A,"2011-08-17 19:00:00",4.2,3.3,222,1006.9,28.7,27.7,0.28,4.2,101,5.8,,,,,,
Vector_CWB_FB_46694A,"2011-08-17 20:00:00",2.3,1.5,166,1007.4,28.2,27.8,0.31,4.5,78,10.4,,,,,,
Vector_CWB_FB_46694A,"2011-08-17 21:00:00",4.4,3.1,225,1008.2,28,27.5,0.35,4.1,112,5.2,,,,,,
Vector_CWB_FB_46694A,"2011-08-17 22:00:00",5.1,3.6,228,1008.2,28.3,27.5,0.37,4.1,112,4.9,,,,,,
Vector_CWB_FB_46694A,"2011-08-17 23:00:00",4.5,3.2,215,1008.4,28,27.2,0.41,4.1,123,4.7,,,,,,
Vector_CWB_FB_46694A,"2011-08-18 00:00:00",2.9,2.1,212,1008.5,27.6,27.2,0.37,3.8,112,4.9,,,,,,
Vector_CWB_FB_46694A,"2011-08-18 01:00:00",3.2,1.8,31,1008.6,27.4,27.2,0.34,4.1,112,4.9,,,,,,
Vector_CWB_FB_46694A,"2011-08-18 02:00:00",1.9,1.3,210,1008.3,27.4,27.2,0.4,4.3,101,5.4,,,,,,
Vector_CWB_FB_46694A,"2011-08-18 03:00:00",1.9,1.3,210,1008.3,26.8,27.2,0.39,4.4,90,5.2,,,,,,
Vector_CWB_FB_46694A,"2011-08-18 04:00:00",2.5,1.5,284,1008.9,26.7,27.1,0.42,4.4,101,5.2,,,,,,
Vector_CWB_FB_46694A,"2011-08-18 05:00:00",,,,1009.2,26.9,27.1,0.44,4.4,123,5.2,,,,,,
Vector_CWB_FB_46694A,"2011-08-18 06:00:00",,,,1009.2,27.2,27.5,0.38,4.2,123,4.9,,,,,,
Vector_CWB_FB_46694A,"2011-08-18 07:00:00",2.2,1.5,184,1009.3,27.9,27.5,0.41,4.1,112,5.2,,,,,,
Vector_CWB_FB_46694A,"2011-08-18 08:00:00",2.2,1.8,189,1009.3,28.1,27.5,0.4,4.2,123,5.2,,,,,,
Vector_CWB_FB_46694A,"2011-08-18 09:00:00",2.9,1.9,151,1009.1,29,27.6,0.39,4.4,123,5.2,,,,,,
Vector_CWB_FB_46694A,"2011-08-18 10:00:00",6.1,4.1,182,1008.8,28.8,27.6,0.35,3.8,146,4.5,,,,,,
Vector_CWB_FB_46694A,"2011-08-18 11:00:00",7,5.8,180,1008.4,29,27.7,0.3,3.8,123,5.2,,,,,,
Vector_CWB_FB_46694A,"2011-08-18 12:00:00",7.6,6.3,181,1008.2,29,27.7,0.29,4.2,112,10.4,,,,,,
Vector_CWB_FB_46694A,"2011-08-18 13:00:00",8.8,7.2,185,1007.5,29.3,28.3,0.3,3.4,168,2.6,,,,,,
Vector_CWB_FB_46694A,"2011-08-18 14:00:00",7.1,5.8,179,1007.1,29.7,28.3,0.29,3.8,146,6.9,,,,,,
Vector_CWB_FB_46694A,"2011-08-18 15:00:00",7.7,6.3,182,1006.8,29.7,28.4,0.31,3.5,180,2.6,,,,,,
Vector_CWB_FB_46694A,"2011-08-18 16:00:00",8,6.8,184,1007.1,29.4,28.5,0.31,3.4,157,2.7,,,,,,
Vector_CWB_FB_46694A,"2011-08-18 17:00:00",7.4,6.1,192,1007.4,29.3,28.6,0.27,4.2,90,6.5,,,,,,
Vector_CWB_FB_46694A,"2011-08-18 18:00:00",8.2,6.8,192,1007.9,29,28.8,0.21,4.6,56,6.9,,,,,,
Vector_CWB_FB_46694A,"2011-08-18 19:00:00",7,4.9,225,1008.7,28.8,28.8,0.23,4.2,101,5.4,,,,,,
Vector_CWB_FB_46694A,"2011-08-18 20:00:00",4.8,3.8,227,1009.4,28.5,28.8,0.22,4,112,6.1,,,,,,
Vector_CWB_FB_46694A,"2011-08-18 21:00:00",5.9,4.2,219,1009.6,28.5,28.7,0.24,4.1,112,4.7,,,,,,
Vector_CWB_FB_46694A,"2011-08-18 22:00:00",4.4,3,259,1010.1,28.3,28.7,0.32,4,101,4.5,,,,,,
Vector_CWB_FB_46694A,"2011-08-18 23:00:00",4,2.9,242,1010.4,28.5,28.5,0.27,4,101,4.5,,,,,,
Vector_CWB_FB_46694A,"2011-08-19 00:00:00",,,,1010.2,28.2,28,0.26,4,101,6.1,,,,,,
Vector_CWB_FB_46694A,"2011-08-19 01:00:00",,,,1009.9,27.6,27.3,0.28,4.1,101,6.9,,,,,,
Vector_CWB_FB_46694A,"2011-08-19 02:00:00",2.8,2.2,228,1009.4,27.2,27.2,0.28,4,112,3.4,,,,,,
Vector_CWB_FB_46694A,"2011-08-19 03:00:00",2.4,1.8,213,1008.8,27.8,27,0.33,4.1,135,6.1,,,,,,
Vector_CWB_FB_46694A,"2011-08-19 04:00:00",2.1,1.5,213,1008.8,26.5,26.7,0.28,3.9,101,6.5,,,,,,
Vector_CWB_FB_46694A,"2011-08-19 05:00:00",2.8,2.4,226,1008.9,26,26.9,0.3,4.2,123,4.9,,,,,,
Vector_CWB_FB_46694A,"2011-08-19 06:00:00",3.4,2.8,214,1009.5,26.2,27.1,0.27,4,123,5.2,,,,,,
Vector_CWB_FB_46694A,"2011-08-19 07:00:00",4.3,3.7,212,1009.9,26.5,26.8,0.29,4.2,90,4.9,,,,,,
Vector_CWB_FB_46694A,"2011-08-19 08:00:00",3.2,2.8,191,1010.1,26.7,26.7,0.3,3.9,101,4.7,,,,,,
Vector_CWB_FB_46694A,"2011-08-19 09:00:00",3.8,3,195,1010.4,27.6,26.8,0.28,4.6,123,10.4,,,,,,
Vector_CWB_FB_46694A,"2011-08-19 10:00:00",5.5,4.7,181,1010.4,28.2,26.9,0.27,4,135,4.5,,,,,,
Vector_CWB_FB_46694A,"2011-08-19 11:00:00",7.7,6.5,181,1009.9,28.5,27.3,0.35,4.4,146,7.4,,,,,,
Vector_CWB_FB_46694A,"2011-08-19 12:00:00",8.8,6.8,185,1009.7,28.6,27.3,0.33,3.9,135,7.4,,,,,,
Vector_CWB_FB_46694A,"2011-08-19 13:00:00",8.2,6,182,1009.7,29,28.1,0.29,3.8,135,6.1,,,,,,
Vector_CWB_FB_46694A,"2011-08-19 14:00:00",6.9,5.6,195,1009.2,28.9,28.5,0.31,3.7,146,2.6,,,,,,
Vector_CWB_FB_46694A,"2011-08-19 15:00:00",7.7,6.3,196,1008.6,29.1,28.3,0.38,3.3,157,2.6,,,,,,
Vector_CWB_FB_46694A,"2011-08-19 16:00:00",9.8,7.5,194,1008.1,29.1,28.8,0.42,3.2,157,2.9,,,,,,
Vector_CWB_FB_46694A,"2011-08-19 17:00:00",7.4,5.4,210,1007.8,29.5,28.6,0.37,3.5,123,6.9,,,,,,
Vector_CWB_FB_46694A,"2011-08-19 18:00:00",6.7,5.7,187,1008.7,29.1,29.1,0.34,3.6,146,3.1,,,,,,
Vector_CWB_FB_46694A,"2011-08-19 19:00:00",6.3,5.6,204,1009,28.9,29.1,0.34,4.3,123,6.9,,,,,,
Vector_CWB_FB_46694A,"2011-08-19 20:00:00",5.9,5.1,220,1009.2,28.7,28.9,0.31,4.1,146,5.8,,,,,,
Vector_CWB_FB_46694A,"2011-08-19 21:00:00",4.4,3.6,230,1010.2,28.8,28.6,0.29,4.4,123,9.5,,,,,,
Vector_CWB_FB_46694A,"2011-08-19 22:00:00",7.2,5.8,210,1010.5,28.7,28.8,0.31,4.2,123,4.9,,,,,,
Vector_CWB_FB_46694A,"2011-08-19 23:00:00",7.1,5.8,211,1009.8,28.7,28.7,0.26,4.2,146,6.1,,,,,,
Vector_CWB_FB_46694A,"2011-08-20 00:00:00",5.8,3.4,221,1009.7,28.4,28.4,0.26,4.1,112,6.5,,,,,,
Vector_CWB_FB_46694A,"2011-08-20 01:00:00",4,3.3,223,1009.2,28,28.3,0.32,4.1,112,6.1,,,,,,
Vector_CWB_FB_46694A,"2011-08-20 02:00:00",4.8,3.4,235,1009.1,27.8,28.2,0.28,4.5,112,6.5,,,,,,
Vector_CWB_FB_46694A,"2011-08-20 03:00:00",3.7,2.8,226,1009.1,27.5,28.2,0.26,4.1,101,4.7,,,,,,
Vector_CWB_FB_46694A,"2011-08-20 04:00:00",2.4,1.9,214,1009.5,27.8,28.2,0.28,4.2,135,8,,,,,,
Vector_CWB_FB_46694A,"2011-08-20 05:00:00",3.4,2.8,214,1009.7,26.8,28.2,0.29,4.4,101,6.5,,,,,,
Vector_CWB_FB_46694A,"2011-08-20 06:00:00",2.8,2.4,218,1009.9,27.1,28,0.29,4.6,123,6.1,,,,,,
Vector_CWB_FB_46694A,"2011-08-20 07:00:00",4.3,3.1,212,1009.4,28.3,27.9,0.31,4.5,101,8,,,,,,
Vector_CWB_FB_46694A,"2011-08-20 08:00:00",4.7,3.5,174,1009.7,29,28.3,0.32,4.5,90,8.7,,,,,,
Vector_CWB_FB_46694A,"2011-08-20 09:00:00",8.5,6.5,191,1009.7,29.4,28.2,0.33,4.4,101,7.4,,,,,,
Vector_CWB_FB_46694A,"2011-08-20 10:00:00",6.5,5.5,185,1009.6,29.4,28.3,0.27,4.2,112,4.5,,,,,,
Vector_CWB_FB_46694A,"2011-08-20 11:00:00",7.4,6.2,182,1009.3,29.2,28.3,0.33,4.3,135,4.9,,,,,,
Vector_CWB_FB_46694A,"2011-08-20 12:00:00",7.4,6.3,182,1008.6,29.2,28.2,0.34,4.1,123,4.5,,,,,,
Vector_CWB_FB_46694A,"2011-08-20 13:00:00",7.2,6.3,177,1008.3,29.4,28.3,0.34,4.3,146,6.9,,,,,,
Vector_CWB_FB_46694A,"2011-08-20 14:00:00",7.2,6.1,180,1007.8,29.3,29.1,0.31,4.2,135,8,,,,,,
Vector_CWB_FB_46694A,"2011-08-20 15:00:00",6,4.8,170,1007.6,29.3,29.2,0.38,4.2,135,6.5,,,,,,
Vector_CWB_FB_46694A,"2011-08-20 16:00:00",6.6,5,171,1007.8,29.5,29.5,0.38,4.4,135,6.5,,,,,,
Vector_CWB_FB_46694A,"2011-08-20 17:00:00",6.1,4.8,178,1008.2,29.4,29.2,0.43,4.5,146,7.4,,,,,,
Vector_CWB_FB_46694A,"2011-08-20 18:00:00",5.9,4.7,195,1008.6,29.2,29.4,0.37,4.9,135,6.9,,,,,,
Vector_CWB_FB_46694A,"2011-08-20 19:00:00",5.3,4.3,193,1009.2,29,29.2,0.41,4.7,123,6.1,,,,,,
Vector_CWB_FB_46694A,"2011-08-20 20:00:00",4.8,3.8,241,1009.3,28.6,29.2,0.4,4.4,101,5.4,,,,,,
Vector_CWB_FB_46694A,"2011-08-20 21:00:00",5.6,3.8,241,1009.8,28.6,29,0.43,4.3,135,5.8,,,,,,
Vector_CWB_FB_46694A,"2011-08-20 22:00:00",4.6,3.6,230,1009.6,28.4,28.9,0.34,4.3,123,5.4,,,,,,
Vector_CWB_FB_46694A,"2011-08-20 23:00:00",6,4.9,203,1009.5,28.7,29.1,0.32,4.1,135,6.5,,,,,,
Vector_CWB_FB_46694A,"2011-08-21 00:00:00",5.5,4.3,221,1009.2,28.6,29.1,0.29,4.3,112,5.8,,,,,,
Vector_CWB_FB_46694A,"2011-08-21 01:00:00",6.8,5,207,1008.5,28.6,28.8,0.28,4.2,101,5.8,,,,,,
Vector_CWB_FB_46694A,"2011-08-21 02:00:00",6.7,4.9,211,1007.9,28.4,28.7,0.32,4.1,123,5.8,,,,,,
Vector_CWB_FB_46694A,"2011-08-21 03:00:00",4.7,3.7,229,1007.7,28.1,28.6,0.29,4,123,8,,,,,,
Vector_CWB_FB_46694A,"2011-08-21 04:00:00",5.3,4,225,1007.8,28.1,28.5,0.3,4,112,5.2,,,,,,
Vector_CWB_FB_46694A,"2011-08-21 05:00:00",4.3,3.5,223,1008,28,28.5,0.33,3.9,123,6.9,,,,,,
Vector_CWB_FB_46694A,"2011-08-21 06:00:00",3.6,2.8,219,1008.5,27.8,28.4,0.36,4.1,112,5.8,,,,,,
Vector_CWB_FB_46694A,"2011-08-21 07:00:00",4.4,3.5,218,1008.2,28.7,28.5,0.33,4.5,123,7.4,,,,,,
Vector_CWB_FB_46694A,"2011-08-21 08:00:00",3.9,3.1,186,1008.5,29.7,28.7,0.4,4.2,123,4.7,,,,,,
Vector_CWB_FB_46694A,"2011-08-21 09:00:00",4.4,3.5,148,1008.4,29.9,28.9,0.37,4.3,101,5.4,,,,,,
Vector_CWB_FB_46694A,"2011-08-21 10:00:00",4,3,102,1008.4,29.4,28.8,0.32,4.1,101,6.1,,,,,,
Vector_CWB_FB_46694A,"2011-08-21 11:00:00",3.6,2.6,38,1008.2,29.6,28.9,0.31,4.4,78,4.9,,,,,,
Vector_CWB_FB_46694A,"2011-08-21 12:00:00",4,3.2,51,1008.4,29.2,28.9,0.36,4.2,123,4.9,,,,,,
Vector_CWB_FB_46694A,"2011-08-21 13:00:00",4.4,3.3,69,1007.8,28.6,28.6,0.32,4.2,90,5.4,,,,,,
Vector_CWB_FB_46694A,"2011-08-21 14:00:00",5.4,3.8,266,1007.8,28.4,29.3,0.31,4.4,90,6.1,,,,,,
Vector_CWB_FB_46694A,"2011-08-21 15:00:00",3.6,2.9,266,1007.6,27.8,29.1,0.24,4.6,112,6.9,,,,,,
Vector_CWB_FB_46694A,"2011-08-21 16:00:00",3.3,2.5,251,1007.1,29.1,29,0.27,4.6,78,6.1,,,,,,
Vector_CWB_FB_46694A,"2011-08-21 17:00:00",2,1.4,250,1006.8,29.3,29.1,0.31,4.7,90,5.4,,,,,,
Vector_CWB_FB_46694A,"2011-08-21 18:00:00",2,1.5,228,1007.4,28.8,29,0.33,4.6,67,6.5,,,,,,
Vector_CWB_FB_46694A,"2011-08-21 19:00:00",2.8,2.2,238,1007.8,28.2,28.8,0.36,4.4,90,6.1,,,,,,
Vector_CWB_FB_46694A,"2011-08-21 20:00:00",2.6,2,247,1008.3,28.1,28.9,0.42,4.5,78,4.7,,,,,,
Vector_CWB_FB_46694A,"2011-08-21 21:00:00",3.3,2.7,239,1008.6,28.1,28.8,0.38,4.3,90,5.8,,,,,,
Vector_CWB_FB_46694A,"2011-08-21 22:00:00",3.5,3,225,1008.6,27.6,28.7,0.38,4.2,101,5.8,,,,,,
Vector_CWB_FB_46694A,"2011-08-21 23:00:00",4.4,3.3,230,1008.1,27.9,28.6,0.34,4.2,101,6.1,,,,,,
Vector_CWB_FB_46694A,"2011-08-22 00:00:00",3.4,2.7,221,1007.4,27.6,28.6,0.31,4.3,67,5.2,,,,,,
Vector_CWB_FB_46694A,"2011-08-22 01:00:00",3.8,3,220,1007,27.4,28.5,0.32,4.4,112,5.8,,,,,,
Vector_CWB_FB_46694A,"2011-08-22 02:00:00",5.1,3.8,247,1006.2,28.1,28.5,0.28,4.1,101,6.1,,,,,,
Vector_CWB_FB_46694A,"2011-08-22 03:00:00",3.1,2.6,217,1006,27.4,28.4,0.24,4.4,90,6.5,,,,,,
Vector_CWB_FB_46694A,"2011-08-22 04:00:00",3.9,3,211,1005.9,27.1,28.3,0.28,4.6,101,8,,,,,,
Vector_CWB_FB_46694A,"2011-08-22 05:00:00",3.6,2.6,177,1006.1,27.3,28.7,0.29,4.6,101,6.5,,,,,,
Vector_CWB_FB_46694A,"2011-08-22 06:00:00",3.1,2.6,183,1006.4,27.3,29.1,0.25,4.5,101,6.9,,,,,,
Vector_CWB_FB_46694A,"2011-08-22 07:00:00",3.5,2.7,212,1006.3,28.1,29.1,0.22,4.4,146,6.1,,,,,,
Vector_CWB_FB_46694A,"2011-08-22 08:00:00",3.2,1.4,43,1006.8,29.2,29.3,0.28,4.4,146,6.1,,,,,,
Vector_CWB_FB_46694A,"2011-08-22 09:00:00",2.8,2.3,83,1006.8,30.7,29.3,0.3,4.1,123,6.5,,,,,,
Vector_CWB_FB_46694A,"2011-08-22 10:00:00",2.9,2.4,77,1006.9,31.2,29.5,0.3,4.1,123,5.4,,,,,,
Vector_CWB_FB_46694A,"2011-08-22 11:00:00",3.7,3,85,1006.5,30.7,29.6,0.26,4,135,6.1,,,,,,
Vector_CWB_FB_46694A,"2011-08-22 12:00:00",3.4,2.3,107,1006.4,30.2,29.4,0.25,4.1,135,9.5,,,,,,
Vector_CWB_FB_46694A,"2011-08-22 13:00:00",5.5,3.5,138,1005.7,29.5,29.4,0.28,5,123,6.9,,,,,,
Vector_CWB_FB_46694A,"2011-08-22 14:00:00",5.2,4.2,128,1005.4,29.1,29.5,0.25,4.9,112,5.8,,,,,,
Vector_CWB_FB_46694A,"2011-08-22 15:00:00",6.1,4.7,148,1004.9,29.2,29.4,0.27,5.4,123,6.9,,,,,,
Vector_CWB_FB_46694A,"2011-08-22 16:00:00",7.1,5.9,186,1004.4,29.5,29.4,0.21,4.7,101,6.5,,,,,,
Vector_CWB_FB_46694A,"2011-08-22 17:00:00",5.9,4.6,207,1005,29.6,29.3,0.28,4.5,123,6.9,,,,,,
Vector_CWB_FB_46694A,"2011-08-22 18:00:00",4.4,3.4,233,1005.4,29.3,29.3,0.22,4.3,90,7.4,,,,,,
Vector_CWB_FB_46694A,"2011-08-22 19:00:00",3.3,2.5,229,1005.9,29.2,29.3,0.23,4.8,101,6.5,,,,,,
Vector_CWB_FB_46694A,"2011-08-22 20:00:00",2.3,1.8,233,1006.2,28.7,29.5,0.26,4.5,146,6.5,,,,,,
Vector_CWB_FB_46694A,"2011-08-22 21:00:00",3.5,2.8,216,1006.5,27.8,29.3,0.27,4.3,112,6.5,,,,,,
Vector_CWB_FB_46694A,"2011-08-22 22:00:00",,,,1006.3,27.9,29.1,0.3,4.6,135,8,,,,,,
Vector_CWB_FB_46694A,"2011-08-22 23:00:00",,,,1006.2,27.8,28.9,0.34,4.3,146,6.1,,,,,,
Vector_CWB_FB_46694A,"2011-08-23 00:00:00",1.8,1.4,254,1005.5,27.8,28.9,0.3,4,101,6.5,,,,,,
Vector_CWB_FB_46694A,"2011-08-23 01:00:00",,,,1005.4,27.9,29,0.29,4.1,112,6.1,,,,,,
Vector_CWB_FB_46694A,"2011-08-23 02:00:00",2.1,1.4,22,1005.1,27.8,28.9,0.24,4.3,101,6.5,,,,,,
Vector_CWB_FB_46694A,"2011-08-23 03:00:00",,,,1004.8,28,28.8,0.28,4,78,7.4,,,,,,
Vector_CWB_FB_46694A,"2011-08-23 04:00:00",,,,1004.6,27.3,28.8,0.25,4.4,90,7.4,,,,,,
Vector_CWB_FB_46694A,"2011-08-23 05:00:00",1.4,1.1,330,1005.1,27.3,28.8,0.26,4.5,101,7.4,,,,,,
Vector_CWB_FB_46694A,"2011-08-23 06:00:00",,,,1005.2,27.6,28.8,0.28,4.5,112,7.4,,,,,,
Vector_CWB_FB_46694A,"2011-08-23 07:00:00",,,,1005.5,28.4,28.9,0.29,4.2,101,6.9,,,,,,
Vector_CWB_FB_46694A,"2011-08-23 08:00:00",1.7,1.1,98,1005.8,28.7,28.9,0.26,4.1,112,6.5,,,,,,
Vector_CWB_FB_46694A,"2011-08-23 09:00:00",1.9,1.4,89,1005.6,30.6,29.2,0.26,4,146,6.5,,,,,,
Vector_CWB_FB_46694A,"2011-08-23 10:00:00",2,1.4,117,1005.7,30.9,29.4,0.27,4.3,123,6.1,,,,,,
Vector_CWB_FB_46694A,"2011-08-23 11:00:00",2.8,2.1,150,1005.5,30.4,29.8,0.44,4.4,123,5.8,,,,,,
Vector_CWB_FB_46694A,"2011-08-23 12:00:00",3.6,2.9,151,1005,29.8,29.5,0.36,4.2,135,7.4,,,,,,
Vector_CWB_FB_46694A,"2011-08-23 13:00:00",4.6,3.6,161,1004.6,29.8,29.6,0.34,4.7,135,7.4,,,,,,
Vector_CWB_FB_46694A,"2011-08-23 14:00:00",4.6,3.5,177,1003.8,30.1,29.7,0.3,4.6,135,8,,,,,,
Vector_CWB_FB_46694A,"2011-08-23 15:00:00",7.6,6.4,158,1003.3,29.8,29.6,0.26,4.2,135,6.9,,,,,,
Vector_CWB_FB_46694A,"2011-08-23 16:00:00",6.8,5.7,179,1003.3,29.6,29.6,0.29,5.4,135,6.9,,,,,,
Vector_CWB_FB_46694A,"2011-08-23 17:00:00",5.9,4.8,189,1003.7,29.6,29.6,0.26,5.1,135,6.1,,,,,,
Vector_CWB_FB_46694A,"2011-08-23 18:00:00",5.5,4.5,197,1004.3,29,29.5,0.24,5.4,123,6.9,,,,,,
Vector_CWB_FB_46694A,"2011-08-23 19:00:00",4.9,3.3,231,1005,28.7,29.4,0.23,5.1,78,8,,,,,,
Vector_CWB_FB_46694A,"2011-08-23 20:00:00",3.4,2.8,226,1005.9,28.7,29.4,0.27,5.2,101,7.4,,,,,,
Vector_CWB_FB_46694A,"2011-08-23 21:00:00",4,3.3,232,1006.3,28.5,29.4,,,,,,,,,,
Vector_CWB_FB_46694A,"2011-08-23 22:00:00",4.1,3.4,242,1006.2,28.7,29.4,0.28,4.9,112,6.9,,,,,,
Vector_CWB_FB_46694A,"2011-08-23 23:00:00",3.8,3.2,236,1006.2,28.4,29.3,0.31,5,78,7.4,,,,,,
Vector_CWB_FB_46694A,"2011-08-24 00:00:00",3.7,2.8,243,1005.5,28.3,29.2,0.3,4.7,123,8,,,,,,
Vector_CWB_FB_46694A,"2011-08-24 01:00:00",3.6,2.5,235,1005.2,28.3,29.2,0.36,5,101,8.7,,,,,,
Vector_CWB_FB_46694A,"2011-08-24 02:00:00",3.4,2.4,227,1004.9,28.1,29.2,0.3,4.7,78,6.9,,,,,,
Vector_CWB_FB_46694A,"2011-08-24 03:00:00",2.6,2.1,215,1004.7,27.8,29.1,0.3,4.9,101,6.9,,,,,,
Vector_CWB_FB_46694A,"2011-08-24 04:00:00",2.9,2.2,209,1004.5,27.7,29.1,0.27,5,123,6.1,,,,,,
Vector_CWB_FB_46694A,"2011-08-24 05:00:00",1.8,1.2,55,1005,27.7,29,0.28,4.8,146,7.4,,,,,,
Vector_CWB_FB_46694A,"2011-08-24 06:00:00",2.9,1.7,224,1005.3,27.5,28.8,0.34,5.4,135,7.4,,,,,,
Vector_CWB_FB_46694A,"2011-08-24 07:00:00",2.1,1.3,181,1005.3,28,29,0.26,4.7,135,6.9,,,,,,
Vector_CWB_FB_46694A,"2011-08-24 08:00:00",,,,1005.2,29.1,29.2,0.3,4.7,146,7.4,,,,,,
Vector_CWB_FB_46694A,"2011-08-24 09:00:00",1.6,1.1,57,1005.5,31.2,29.6,0.33,4.9,135,8,,,,,,
Vector_CWB_FB_46694A,"2011-08-24 10:00:00",3,2.5,130,1005.6,30.8,29.7,0.3,4.9,135,6.9,,,,,,
Vector_CWB_FB_46694A,"2011-08-24 11:00:00",5.3,4.3,146,1005.5,29.3,29.5,0.31,5,146,9.5,,,,,,
Vector_CWB_FB_46694A,"2011-08-24 12:00:00",5.4,4.5,151,1005.1,29.1,29.3,0.33,4.8,101,8,,,,,,
Vector_CWB_FB_46694A,"2011-08-24 13:00:00",5.8,4.9,147,1004.9,29,29.2,0.31,5,78,7.4,,,,,,
Vector_CWB_FB_46694A,"2011-08-24 14:00:00",5.2,4.3,154,1004.4,29.3,29.3,0.36,5.5,90,8,,,,,,
Vector_CWB_FB_46694A,"2011-08-24 15:00:00",5.6,4.4,158,1004,29.2,29.4,0.32,5.9,123,9.5,,,,,,
Vector_CWB_FB_46694A,"2011-08-24 16:00:00",5.2,4.3,186,1003.8,29.2,29.4,0.29,5.3,112,8,,,,,,
Vector_CWB_FB_46694A,"2011-08-24 17:00:00",5.3,4.3,176,1003.8,29.4,29.4,0.32,4.2,123,9.5,,,,,,
Vector_CWB_FB_46694A,"2011-08-24 18:00:00",5.8,4.4,160,1004.4,29.3,29.3,0.41,4.1,123,9.5,,,,,,
Vector_CWB_FB_46694A,"2011-08-24 19:00:00",5.9,4.7,178,1004.6,29.1,29.2,0.38,4.1,78,8.7,,,,,,
Vector_CWB_FB_46694A,"2011-08-24 20:00:00",5.9,4.4,178,1005,29.2,29.2,0.39,4.5,101,10.4,,,,,,
Vector_CWB_FB_46694A,"2011-08-24 21:00:00",2.8,1.8,211,1005.3,28.6,29.3,0.38,4.6,67,8,,,,,,
Vector_CWB_FB_46694A,"2011-08-24 22:00:00",4,1.9,219,1005.6,28.4,29.3,0.48,5.3,56,8,,,,,,
Vector_CWB_FB_46694A,"2011-08-24 23:00:00",4,2.7,189,1005.8,28.6,29.3,0.5,5.1,135,9.5,,,,,,
Vector_CWB_FB_46694A,"2011-08-25 00:00:00",4,1.9,230,1005.4,28.3,29.3,0.56,5.6,67,7.4,,,,,,
Vector_CWB_FB_46694A,"2011-08-25 01:00:00",2.7,2,231,1005.4,28,29.2,0.59,5.2,45,8,,,,,,
Vector_CWB_FB_46694A,"2011-08-25 02:00:00",3.1,2.2,236,1005.2,28.1,29.2,0.65,5.5,45,8,,,,,,
Vector_CWB_FB_46694A,"2011-08-25 03:00:00",2.8,1.9,245,1004.7,27.8,29.2,0.65,5.3,78,6.9,,,,,,
Vector_CWB_FB_46694A,"2011-08-25 04:00:00",,,,1004.6,27.8,29.1,0.61,5.4,45,8,,,,,,
Vector_CWB_FB_46694A,"2011-08-25 05:00:00",4.2,2.7,209,1004.8,27.7,29.1,0.49,4.5,78,7.4,,,,,,
Vector_CWB_FB_46694A,"2011-08-25 06:00:00",2,1.6,240,1004.7,27.6,29.1,0.43,4.6,56,7.4,,,,,,
Vector_CWB_FB_46694A,"2011-08-25 07:00:00",2.2,1.7,248,1004.6,28.1,29.1,0.48,4.8,67,8,,,,,,
Vector_CWB_FB_46694A,"2011-08-25 08:00:00",,,,1004.6,29.4,29.2,0.47,4.8,78,7.4,,,,,,
Vector_CWB_FB_46694A,"2011-08-25 09:00:00",2.6,1.9,185,1005,29.3,29.6,0.5,4.6,67,7.4,,,,,,
Vector_CWB_FB_46694A,"2011-08-25 10:00:00",2.4,1.7,160,1004.6,29.3,30,0.58,4.7,90,7.4,,,,,,
Vector_CWB_FB_46694A,"2011-08-25 11:00:00",4.4,3.2,100,1004.5,29.7,30,0.65,4.9,112,6.5,,,,,,
Vector_CWB_FB_46694A,"2011-08-25 12:00:00",4.3,3.3,95,1004.2,29.6,30,0.67,5,78,8.7,,,,,,
Vector_CWB_FB_46694A,"2011-08-25 13:00:00",3.2,2.4,84,1003.7,30,30,0.7,4.8,67,6.9,,,,,,
Vector_CWB_FB_46694A,"2011-08-25 14:00:00",5.7,4.3,57,1003.4,29.2,29.9,0.72,4.2,67,7.4,,,,,,
Vector_CWB_FB_46694A,"2011-08-25 15:00:00",5.3,4.2,60,1003.1,29.1,29.9,0.72,4.2,90,6.5,,,,,,
Vector_CWB_FB_46694A,"2011-08-25 16:00:00",6.6,5.2,52,1002.7,29,29.9,0.77,4.4,78,6.5,,,,,,
Vector_CWB_FB_46694A,"2011-08-25 17:00:00",6.5,5.3,53,1003.1,29,29.9,0.81,4.4,78,6.9,,,,,,
Vector_CWB_FB_46694A,"2011-08-25 18:00:00",5.2,4.2,56,1003.5,29,29.4,0.78,4.2,101,6.5,,,,,,
Vector_CWB_FB_46694A,"2011-08-25 19:00:00",5.1,4.1,50,1003.7,28.8,29.5,0.76,4.3,78,5.2,,,,,,
Vector_CWB_FB_46694A,"2011-08-25 20:00:00",,,,,,,,,,,,,,,,
Vector_CWB_FB_46694A,"2011-08-25 21:00:00",4.5,3.4,47,1004.4,28.9,29.3,0.86,4.5,67,8,,,,,,
Vector_CWB_FB_46694A,"2011-08-25 22:00:00",3.7,2.3,11,1004.7,28.7,29.2,0.72,4.6,78,6.9,,,,,,
Vector_CWB_FB_46694A,"2011-08-25 23:00:00",6.1,4.7,62,1004.4,28.6,29.2,0.79,5.3,90,7.4,,,,,,
Vector_CWB_FB_46694A,"2011-08-26 00:00:00",3.9,2.9,26,1004.2,28.6,29.1,0.83,4.8,78,7.4,,,,,,
Vector_CWB_FB_46694A,"2011-08-26 01:00:00",4.4,3,31,1003.8,28.5,29.2,0.9,4.9,67,8,,,,,,
Vector_CWB_FB_46694A,"2011-08-26 02:00:00",3.4,2.2,22,1003,28.5,29.2,0.99,5,78,6.9,,,,,,
Vector_CWB_FB_46694A,"2011-08-26 03:00:00",,,,1002.8,28.2,29.3,1.15,5.1,90,6.9,,,,,,
Vector_CWB_FB_46694A,"2011-08-26 04:00:00",2.6,1.7,225,1002.5,28.2,29.3,1.11,5,90,6.5,,,,,,
Vector_CWB_FB_46694A,"2011-08-26 05:00:00",2.2,1.1,243,1002.8,28.3,29.2,1.09,4.9,67,6.9,,,,,,
Vector_CWB_FB_46694A,"2011-08-26 06:00:00",2.4,1.4,242,1003.1,28.2,29.2,1.21,5.2,78,7.4,,,,,,
Vector_CWB_FB_46694A,"2011-08-26 07:00:00",2.3,1.4,240,1003.3,28.5,29.2,1.13,5.2,90,6.5,,,,,,
Vector_CWB_FB_46694A,"2011-08-26 08:00:00",2.4,1.6,225,1003.6,29.2,29.2,0.94,5.2,45,6.5,,,,,,
Vector_CWB_FB_46694A,"2011-08-26 09:00:00",,,,1004.1,30,29.3,0.96,5.2,56,8.7,,,,,,
Vector_CWB_FB_46694A,"2011-08-26 10:00:00",,,,1004.3,29.6,29.5,0.87,5.4,101,8,,,,,,
Vector_CWB_FB_46694A,"2011-08-26 11:00:00",,,,1004.2,30.1,29.4,0.81,5.4,78,7.4,,,,,,
Vector_CWB_FB_46694A,"2011-08-26 12:00:00",1.9,1.1,238,1003.7,30,30.1,0.78,5.2,78,6.5,,,,,,
Vector_CWB_FB_46694A,"2011-08-26 13:00:00",3.6,2.6,157,1003.2,29.9,29.9,0.98,5.7,90,6.9,,,,,,
Vector_CWB_FB_46694A,"2011-08-26 14:00:00",4.4,3.3,140,1002.9,29.4,29.4,1.02,5.3,78,6.5,,,,,,
Vector_CWB_FB_46694A,"2011-08-26 15:00:00",2.7,2,142,1003,29.3,29.2,1.04,5.1,101,7.4,,,,,,
Vector_CWB_FB_46694A,"2011-08-26 16:00:00",3.4,2.7,155,1002.7,29.5,29.3,0.97,5.3,78,7.4,,,,,,
Vector_CWB_FB_46694A,"2011-08-26 17:00:00",2.6,2,124,1002.9,29.3,29.3,0.95,5.7,146,11.6,,,,,,
Vector_CWB_FB_46694A,"2011-08-26 18:00:00",4.8,3.4,81,1003.1,29.4,29.3,0.88,5.3,78,7.4,,,,,,
Vector_CWB_FB_46694A,"2011-08-26 19:00:00",4.1,1.5,340,1004.3,28.2,29.2,1.03,6,112,11.6,,,,,,
Vector_CWB_FB_46694A,"2011-08-26 20:00:00",14.1,10.3,72,1002.6,27.5,29.2,1.24,6.3,101,10.4,,,,,,
Vector_CWB_FB_46694A,"2011-08-26 21:00:00",5.1,3.2,248,1005.8,27,29.1,1.3,5.1,90,11.6,,,,,,
Vector_CWB_FB_46694A,"2011-08-26 22:00:00",,,,1005.6,27.3,29,1.19,5.3,101,11.6,,,,,,
Vector_CWB_FB_46694A,"2011-08-26 23:00:00",2.4,1.6,225,1005,27.6,29,1.03,5.7,112,11.6,,,,,,
Vector_CWB_FB_46694A,"2011-08-27 00:00:00",4.4,3.4,235,1004.6,27.2,29.1,0.98,6,123,10.4,,,,,,
Vector_CWB_FB_46694A,"2011-08-27 01:00:00",6.9,5.4,191,1004.5,26.2,29,1.03,6,157,10.4,,,,,,
Vector_CWB_FB_46694A,"2011-08-27 02:00:00",4.1,2.7,242,1004.4,26.6,29,1.04,5.9,146,8.7,,,,,,
Vector_CWB_FB_46694A,"2011-08-27 03:00:00",4.6,2.3,245,1002.2,27,29.1,1.03,5.8,123,6.9,,,,,,
Vector_CWB_FB_46694A,"2011-08-27 04:00:00",6.1,2.5,170,1003.1,26.8,29,1.24,5.8,135,6.1,,,,,,
Vector_CWB_FB_46694A,"2011-08-27 05:00:00",8.5,5.8,146,1003.4,27,28.9,1.68,5.7,123,15.1,,,,,,
Vector_CWB_FB_46694A,"2011-08-27 06:00:00",9.2,7.1,160,1003.7,27.5,29,1.8,5.9,146,15.1,,,,,,
Vector_CWB_FB_46694A,"2011-08-27 07:00:00",13.1,9.8,183,1003.9,27.3,29,1.69,5,146,15.1,,,,,,
Vector_CWB_FB_46694A,"2011-08-27 08:00:00",12,9.6,188,1004.9,27.3,28.9,1.89,5.9,101,15.1,,,,,,
Vector_CWB_FB_46694A,"2011-08-27 09:00:00",9.6,7.4,194,1005.6,26.6,28.9,1.88,5.8,112,15.1,,,,,,
Vector_CWB_FB_46694A,"2011-08-27 10:00:00",6.4,5,217,1004.6,26.8,28.8,1.55,5.6,112,13.1,,,,,,
Vector_CWB_FB_46694A,"2011-08-27 11:00:00",7.3,5.7,206,1004.2,26.8,28.7,1.52,6.5,123,11.6,,,,,,
Vector_CWB_FB_46694A,"2011-08-27 12:00:00",7.1,5.5,207,1003.1,27.2,28.8,1.61,6.5,135,8.7,,,,,,
Vector_CWB_FB_46694A,"2011-08-27 13:00:00",8,6,209,1002.7,27.7,28.9,1.32,6.5,112,10.4,,,,,,
Vector_CWB_FB_46694A,"2011-08-27 14:00:00",6,4.6,205,1002.8,28,28.9,1.77,6.8,112,13.1,,,,,,
Vector_CWB_FB_46694A,"2011-08-27 15:00:00",6.4,5.3,178,1002.3,28.4,28.9,1.43,6.1,101,7.4,,,,,,
Vector_CWB_FB_46694A,"2011-08-27 16:00:00",5.3,4.2,181,1001.7,28.6,28.9,1.33,6.5,112,8,,,,,,
Vector_CWB_FB_46694A,"2011-08-27 17:00:00",7.4,5.5,157,1001.9,28.9,28.8,1.49,6.7,157,17.7,,,,,,
Vector_CWB_FB_46694A,"2011-08-27 18:00:00",9.9,7.6,147,1003.4,28.1,28.7,1.7,6.5,135,17.7,,,,,,
Vector_CWB_FB_46694A,"2011-08-27 19:00:00",7.6,4.8,197,1002.9,27.8,28.7,1.53,6.1,78,8.7,,,,,,
Vector_CWB_FB_46694A,"2011-08-27 20:00:00",6.2,4.9,176,1003,28.6,28.6,1.8,7.5,123,15.1,,,,,,
Vector_CWB_FB_46694A,"2011-08-27 21:00:00",6.6,4.8,168,1003.9,28.4,28.6,1.98,7.5,78,17.7,,,,,,
Vector_CWB_FB_46694A,"2011-08-27 22:00:00",5.1,3,143,1003.8,28.7,28.5,1.82,7.3,67,15.1,,,,,,
Vector_CWB_FB_46694A,"2011-08-27 23:00:00",7.1,5,120,1003.7,28.6,28.2,2.29,7.9,78,17.7,,,,,,
Vector_CWB_FB_46694A,"2011-08-28 00:00:00",7.9,5.4,160,1003.3,28.5,28.2,1.56,6.2,101,15.1,,,,,,
Vector_CWB_FB_46694A,"2011-08-28 01:00:00",7.4,5.5,139,1003,28.4,28.2,1.7,6,123,8,,,,,,
Vector_CWB_FB_46694A,"2011-08-28 02:00:00",7.6,5.5,148,1002.2,28.3,28.2,2,6.2,123,15.1,,,,,,
Vector_CWB_FB_46694A,"2011-08-28 03:00:00",7,5,153,1002.3,28,27.7,,,,,,,,,,
Vector_CWB_FB_46694A,"2011-08-28 04:00:00",9,6.7,151,1001.6,28.5,28.2,2.27,6.6,101,13.1,,,,,,
Vector_CWB_FB_46694A,"2011-08-28 05:00:00",8.7,6.5,160,1001.2,28.5,27.9,2.31,6.5,112,13.1,,,,,,
Vector_CWB_FB_46694A,"2011-08-28 06:00:00",9.7,7.1,156,1001.3,28.6,27.8,2.7,6.7,101,15.1,,,,,,
Vector_CWB_FB_46694A,"2011-08-28 07:00:00",8,6.1,160,1001.8,28.7,27.8,2.26,5.9,101,13.1,,,,,,
Vector_CWB_FB_46694A,"2011-08-28 08:00:00",7.5,5.6,161,1001.9,28.8,27.8,2.22,6.3,90,11.6,,,,,,
Vector_CWB_FB_46694A,"2011-08-28 09:00:00",6.8,5.2,169,1002.2,28.7,27.8,2.13,6.2,90,15.1,,,,,,
Vector_CWB_FB_46694A,"2011-08-28 10:00:00",6.8,5.1,133,1002.5,28.8,28.1,1.98,6.3,78,13.1,,,,,,
Vector_CWB_FB_46694A,"2011-08-28 11:00:00",6.8,4.8,129,1002.1,29.2,28.1,2,6.4,78,15.1,,,,,,
Vector_CWB_FB_46694A,"2011-08-28 12:00:00",7.3,5.7,130,1001.7,29.2,28.1,2,6.1,112,13.1,,,,,,
Vector_CWB_FB_46694A,"2011-08-28 13:00:00",10.5,7.5,134,1001.2,28.9,28.1,1.87,5.8,112,9.5,,,,,,
Vector_CWB_FB_46694A,"2011-08-28 14:00:00",9.6,6.9,136,1000.7,28.5,28.2,2.47,6.8,112,11.6,,,,,,
Vector_CWB_FB_46694A,"2011-08-28 15:00:00",7.8,5.4,122,1000.7,26.8,28.1,2.78,6.7,90,13.1,,,,,,
Vector_CWB_FB_46694A,"2011-08-28 16:00:00",11.1,8.6,156,1001.1,25.8,27.8,2.65,6.4,112,11.6,,,,,,
Vector_CWB_FB_46694A,"2011-08-28 17:00:00",10.7,7.9,139,1000.4,26.8,27.9,2.57,6.6,135,8,,,,,,
Vector_CWB_FB_46694A,"2011-08-28 18:00:00",7.7,6.1,137,1000.7,26.7,27.7,2.5,6.5,90,8.7,,,,,,
Vector_CWB_FB_46694A,"2011-08-28 19:00:00",10.2,7.3,113,1000.5,27.3,27.7,2.87,6.3,78,7.4,,,,,,
Vector_CWB_FB_46694A,"2011-08-28 20:00:00",11.4,8.7,102,1000.7,27.6,27.5,2.25,5.3,78,8,,,,,,
Vector_CWB_FB_46694A,"2011-08-28 21:00:00",11.2,8.1,113,1001.3,27.5,27.6,2.38,6,78,13.1,,,,,,
Vector_CWB_FB_46694A,"2011-08-28 22:00:00",12.8,9,103,1001.4,27.5,27.6,2.54,7.3,56,17.7,,,,,,
Vector_CWB_FB_46694A,"2011-08-28 23:00:00",12.1,9.2,118,1000.8,28,27.7,2.47,6.1,90,15.1,,,,,,
Vector_CWB_FB_46694A,"2011-08-29 00:00:00",9.5,6.6,119,1000.4,28,27.8,2.36,6.1,101,9.5,,,,,,
Vector_CWB_FB_46694A,"2011-08-29 01:00:00",11.1,8.2,149,1000.5,26.8,27.7,2.22,5.9,123,8.7,,,,,,
Vector_CWB_FB_46694A,"2011-08-29 02:00:00",10.8,8.7,131,998.9,26.9,27.7,2.15,6,135,9.5,,,,,,
Vector_CWB_FB_46694A,"2011-08-29 03:00:00",9.5,6.7,113,998.3,26.9,27.6,2.44,6.4,90,10.4,,,,,,
Vector_CWB_FB_46694A,"2011-08-29 04:00:00",10.6,8.4,169,998,27.4,27.2,2.62,6.6,101,9.5,,,,,,
Vector_CWB_FB_46694A,"2011-08-29 05:00:00",10,7.5,161,997.7,28.1,27.3,2.41,6.3,112,9.5,,,,,,
Vector_CWB_FB_46694A,"2011-08-29 06:00:00",12.8,9.2,161,998.3,28.2,26.9,2.42,6.3,101,8.7,,,,,,
Vector_CWB_FB_46694A,"2011-08-29 07:00:00",12.1,9.1,159,998.1,28.3,26.8,2.5,6.4,90,9.5,,,,,,
Vector_CWB_FB_46694A,"2011-08-29 08:00:00",10.9,7.9,175,998.3,27,26.6,2.46,5.9,78,9.5,,,,,,
Vector_CWB_FB_46694A,"2011-08-29 09:00:00",14.7,10.5,156,998.2,26.6,26.7,1.83,5.7,101,9.5,,,,,,
Vector_CWB_FB_46694A,"2011-08-29 10:00:00",10.8,6.9,145,997.9,27.7,26.5,2.2,6.2,67,15.1,,,,,,
Vector_CWB_FB_46694A,"2011-08-29 11:00:00",15,11.6,195,997.3,27,26.2,2.58,6.1,112,9.5,,,,,,
Vector_CWB_FB_46694A,"2011-08-29 12:00:00",11.8,8.8,177,997.4,26.5,26.1,2.23,6,123,9.5,,,,,,
Vector_CWB_FB_46694A,"2011-08-29 13:00:00",10.7,7.7,179,996.8,27.4,26.1,2.5,6.2,123,10.4,,,,,,
Vector_CWB_FB_46694A,"2011-08-29 14:00:00",9.6,6.6,174,995.9,27.3,26.2,2.09,6,135,8.7,,,,,,
Vector_CWB_FB_46694A,"2011-08-29 15:00:00",10,6.8,169,995.2,26.6,26.1,2.14,5.9,101,6.9,,,,,,
Vector_CWB_FB_46694A,"2011-08-29 16:00:00",8.7,6.1,171,995,26.3,25.4,2.22,6,101,8.7,,,,,,
Vector_CWB_FB_46694A,"2011-08-29 17:00:00",10.8,7.7,176,994.8,25.8,,2.48,6.1,112,8.7,,,,,,
Vector_CWB_FB_46694A,"2011-08-29 18:00:00",15,8.4,171,994.3,26.9,25,2.36,6.4,112,8,,,,,,
Vector_CWB_FB_46694A,"2011-08-29 19:00:00",12.4,9.1,191,995.7,27.3,24.8,2.44,6.1,90,8.7,,,,,,
Vector_CWB_FB_46694A,"2011-08-29 20:00:00",11.8,9.9,181,995.7,27,24.7,2.05,5.6,112,8.7,,,,,,
Vector_CWB_FB_46694A,"2011-08-29 21:00:00",12.9,9.5,182,996.5,27,24.8,2.03,5.8,112,8,,,,,,
Vector_CWB_FB_46694A,"2011-08-29 22:00:00",11.8,9.2,182,996.3,27.2,24.6,1.93,5.9,123,9.5,,,,,,
Vector_CWB_FB_46694A,"2011-08-29 23:00:00",13.9,10.6,182,996,27.5,24.7,2.08,5.4,112,8.7,,,,,,
Vector_CWB_FB_46694A,"2011-08-30 00:00:00",11.2,8.7,184,995.8,27,24.6,2.26,6.2,123,8,,,,,,
Vector_CWB_FB_46694A,"2011-08-30 01:00:00",13.8,10.4,190,995.8,27.1,24.4,1.87,5.6,135,7.4,,,,,,
Vector_CWB_FB_46694A,"2011-08-30 02:00:00",12.9,9.8,192,995.1,26.6,24.1,2.08,6.4,123,15.1,,,,,,
Vector_CWB_FB_46694A,"2011-08-30 03:00:00",13,10.5,195,994.4,26.7,24,1.71,5.6,123,9.5,,,,,,
Vector_CWB_FB_46694A,"2011-08-30 04:00:00",12.2,9.1,191,994.2,26.5,23.8,1.52,5.6,112,10.4,,,,,,
Vector_CWB_FB_46694A,"2011-08-30 05:00:00",9,7,197,995.1,26,,1.95,6.3,101,8.7,,,,,,
Vector_CWB_FB_46694A,"2011-08-30 06:00:00",11.9,8.8,197,995,25.8,,1.81,6.1,123,8,,,,,,
Vector_CWB_FB_46694A,"2011-08-30 07:00:00",12.5,9.4,190,994.3,26,22.3,1.8,6,101,15.1,,,,,,
Vector_CWB_FB_46694A,"2011-08-30 08:00:00",10.1,8,195,994.6,26.1,22,1.71,6,101,8,,,,,,
Vector_CWB_FB_46694A,"2011-08-30 09:00:00",13.6,9.8,192,995.1,26.9,22.1,1.76,5.8,123,15.1,,,,,,
Vector_CWB_FB_46694A,"2011-08-30 10:00:00",14.2,11.1,192,995.3,26.6,22.4,1.93,6.2,112,15.1,,,,,,
Vector_CWB_FB_46694A,"2011-08-30 11:00:00",15.4,11.8,198,994.7,27.1,22.6,1.75,5.4,123,8,,,,,,
Vector_CWB_FB_46694A,"2011-08-30 12:00:00",13.1,10.4,197,994.3,26.6,22.7,1.79,5.6,123,8,,,,,,
Vector_CWB_FB_46694A,"2011-08-30 13:00:00",15.8,10.7,195,993.8,26.6,22.5,1.63,5.6,101,15.1,,,,,,
Vector_CWB_FB_46694A,"2011-08-30 14:00:00",13.5,10.6,203,993.4,26.7,22.2,1.41,6.1,112,10.4,,,,,,
Vector_CWB_FB_46694A,"2011-08-30 15:00:00",13,9.7,194,993.6,26.1,21.8,1.47,6.5,78,15.1,,,,,,
Vector_CWB_FB_46694A,"2011-08-30 16:00:00",9.7,7.4,204,994.8,26.1,21.8,1.51,6.6,78,13.1,,,,,,
Vector_CWB_FB_46694A,"2011-08-30 17:00:00",6.9,5.1,182,995.4,25.4,,1.29,6.6,101,9.5,,,,,,
Vector_CWB_FB_46694A,"2011-08-30 18:00:00",2.8,1.7,194,996,23.8,,1.4,6.4,123,11.6,,,,,,
Vector_CWB_FB_46694A,"2011-08-30 19:00:00",6.3,3.6,200,996,24,20.2,1.39,6.5,112,15.1,,,,,,
Vector_CWB_FB_46694A,"2011-08-30 20:00:00",3.8,2,238,996.2,24.3,22.1,1.55,7.3,90,15.1,,,,,,
Vector_CWB_FB_46694A,"2011-08-30 21:00:00",5.1,2.9,204,996.7,25.9,23,1.29,7.2,101,13.1,,,,,,
Vector_CWB_FB_46694A,"2011-08-30 22:00:00",7.4,5.2,196,996.4,25.8,22.8,1.62,7.2,112,15.1,,,,,,
Vector_CWB_FB_46694A,"2011-08-30 23:00:00",7.2,6,201,996.7,25.7,22.8,1.29,6.1,56,15.1,,,,,,
Vector_CWB_FB_46694A,"2011-08-31 00:00:00",5.7,3.9,179,996.3,25.6,22.9,1.07,6,90,8.7,,,,,,
Vector_CWB_FB_46694A,"2011-08-31 01:00:00",4.6,3.6,217,995.9,25.9,22.7,1.06,6.1,101,8,,,,,,
Vector_CWB_FB_46694A,"2011-08-31 02:00:00",4.8,3.5,212,995.3,25.7,22.8,1.28,7.2,112,15.1,,,,,,
Vector_CWB_FB_46694A,"2011-08-31 03:00:00",4,3.2,226,995.2,25.6,22.6,1.05,6.8,112,10.4,,,,,,
Vector_CWB_FB_46694A,"2011-08-31 04:00:00",3,2.1,228,995.7,25.1,22.1,1.18,6.5,123,13.1,,,,,,
Vector_CWB_FB_46694A,"2011-08-31 05:00:00",3,2.1,169,996.3,24,21.7,1.22,7,112,15.1,,,,,,
Vector_CWB_FB_46694A,"2011-08-31 06:00:00",3.3,2.2,241,995.8,24,21.4,1.18,6.1,135,8,,,,,,
Vector_CWB_FB_46694A,"2011-08-31 07:00:00",3.5,2.5,183,996.2,23.6,20.9,1.29,5.9,123,8.7,,,,,,
Vector_CWB_FB_46694A,"2011-08-31 08:00:00",2.5,1.4,40,996.1,24.7,21.5,1.11,5.4,101,6.5,,,,,,
Vector_CWB_FB_46694A,"2011-08-31 09:00:00",2.3,1.6,187,996.4,24.3,21.6,1.16,6,101,13.1,,,,,,
Vector_CWB_FB_46694A,"2011-08-31 10:00:00",2.6,1.3,355,996.8,25.7,21.7,1.36,6.7,90,15.1,,,,,,
Vector_CWB_FB_46694A,"2011-08-31 11:00:00",3.9,2.7,32,996.8,26.4,21.9,1.23,6.2,45,15.1,,,,,,
Vector_CWB_FB_46694A,"2011-08-31 12:00:00",6,4.7,351,997,27.8,23,1.11,6.1,112,8.7,,,,,,
Vector_CWB_FB_46694A,"2011-08-31 13:00:00",6,4.3,10,997.3,27,23.6,1.08,6.2,67,15.1,,,,,,
Vector_CWB_FB_46694A,"2011-08-31 14:00:00",2.9,1.6,34,997.3,26.5,23.3,1.09,6.8,112,13.1,,,,,,
Vector_CWB_FB_46694A,"2011-08-31 15:00:00",2.5,1.5,3,997.3,26.4,23.4,0.96,6.3,112,8,,,,,,
Vector_CWB_FB_46694A,"2011-08-31 16:00:00",,,,997.6,26.3,23.3,1.08,6.3,112,13.1,,,,,,
Vector_CWB_FB_46694A,"2011-08-31 17:00:00",2.3,1.1,338,997.8,26.8,22.7,1.2,6.4,90,13.1,,,,,,
Vector_CWB_FB_46694A,"2011-08-31 18:00:00",5.2,3.2,9,998.4,26.9,23,1.31,6.5,135,13.1,,,,,,
Vector_CWB_FB_46694A,"2011-08-31 19:00:00",2.5,1.7,359,999,26.4,22.8,1.06,5.7,112,10.4,,,,,,
Vector_CWB_FB_46694A,"2011-08-31 20:00:00",2,1.3,315,1000.1,25.9,22.9,1.14,5.5,112,13.1,,,,,,
Vector_CWB_FB_46694A,"2011-08-31 21:00:00",,,,1000.6,24.9,22.9,1.14,5.7,90,11.6,,,,,,
Vector_CWB_FB_46694A,"2011-08-31 22:00:00",,,,1000.7,25.3,22.9,1.08,5.9,112,13.1,,,,,,
Vector_CWB_FB_46694A,"2011-08-31 23:00:00",,,,1000.5,26,,0.99,6.4,258,11.6,,,,,,
